top depth,bottom depth,top of reservoir,top of cement,pressure,component id,fluid density,formation strength,h2s,chlorides,co2,barrier
0,1900,207.2,7,34,11,0.9978,3.51,0.56,0.076,9.4,Primary
0,2600,140.4,8.8,67,25,0.9968,3.2,0.68,0.098,9.8,Primary
0.04,2300,140.4,7.6,54,15,0.997,3.26,0.65,0.092,9.8,Primary
0.56,1900,156.8,2.8,60,17,0.998,3.16,0.58,0.075,9.8,Secondary
0,1900,118.4,7,34,11,0.9978,3.51,0.56,0.076,9.4,Primary
0,1800,133.2,6.6,40,13,0.9978,3.51,0.56,0.075,9.4,Primary
0.06,1600,79,6,59,15,0.9964,3.3,0.46,0.069,9.4,Primary
0,1200,146,6.5,21,15,0.9946,3.39,0.47,0.065,10,Secondary
0.02,2000,109.2,5.8,18,9,0.9968,3.36,0.57,0.073,9.5,Secondary
0.36,6100,127.5,5,102,17,0.9978,3.35,0.8,0.071,10.5,Primary
0.08,1800,120.6,5.8,65,15,0.9959,3.28,0.54,0.097,9.2,Primary
0.36,6100,127.5,5,102,17,0.9978,3.35,0.8,0.071,10.5,Primary
0,1600,95.2,6.15,59,16,0.9943,3.58,0.52,0.089,9.9,Primary
0.29,1600,148.2,6.1,29,9,0.9974,3.26,1.56,0.114,9.1,Primary
0.18,3800,160.2,6.2,145,52,0.9986,3.16,0.88,0.176,9.2,Primary
0.19,3900,97.9,6.2,148,51,0.9986,3.17,0.93,0.17,9.2,Primary
0.56,1800,110.5,2.8,103,35,0.9969,3.3,0.75,0.092,10.5,Secondary
0.28,1700,153.9,5.6,56,16,0.9968,3.11,1.28,0.368,9.3,Primary
0.08,4400,140.6,5.9,29,6,0.9974,3.38,0.5,0.086,9,Primary
0.51,1800,118.5,3.2,56,17,0.9969,3.04,1.08,0.341,9.2,Secondary
0.48,1800,133.5,2.2,60,29,0.9968,3.39,0.53,0.077,9.4,Secondary
0.31,2300,83.6,3.9,71,23,0.9982,3.52,0.65,0.082,9.7,Primary
0.21,1600,150.1,4.3,37,10,0.9966,3.17,0.91,0.106,9.5,Primary
0.11,2300,153,4.9,67,9,0.9968,3.17,0.53,0.084,9.4,Primary
0.14,2400,69,4,40,21,0.9968,3.43,0.63,0.085,9.7,Secondary
0.16,1400,69.3,3.9,23,11,0.9955,3.34,0.56,0.08,9.3,Primary
0.24,1800,144.4,4.1,11,4,0.9962,3.28,0.59,0.08,9.5,Primary
0.21,1600,94.8,4.3,37,10,0.9966,3.17,0.91,0.106,9.5,Primary
0,1900,120.7,7.1,35,14,0.9972,3.47,0.55,0.08,9.4,Primary
0,2000,117,6.45,16,8,0.9964,3.38,0.59,0.082,9.8,Secondary
0.07,2400,120.6,6.75,82,17,0.9958,3.35,0.54,0.089,10.1,Primary
0,2500,124.2,6.85,37,22,0.9966,3.46,0.57,0.105,10.6,Secondary
0.12,2300,166,6.55,113,15,0.9966,3.17,0.66,0.083,9.8,Primary
0.12,10700,124.2,6.05,83,40,0.9993,3.45,0.52,0.073,9.4,Secondary
0.25,1800,83.2,3.2,50,13,0.9957,3.38,0.55,0.103,9.2,Primary
0,5500,132.6,6.45,18,5,0.9986,3.4,0.55,0.086,9.6,Secondary
0.14,2400,117,6,15,3,0.9975,3.42,0.6,0.086,10.8,Secondary
0.28,2100,81,3.8,30,13,0.9968,3.23,0.73,0.066,9.7,Secondary
0.09,1500,85.5,11.3,19,7,0.994,3.5,0.48,0.172,9.8,Primary
0.36,5900,146,4.5,87,12,0.9978,3.33,0.83,0.074,10.5,Primary
0.36,5900,109.5,4.5,87,12,0.9978,3.33,0.83,0.074,10.5,Primary
0.3,2800,176,6.1,46,17,0.9976,3.26,0.51,0.088,9.3,Primary
0.2,2600,127.5,4.9,14,8,0.9968,3.21,0.9,0.332,10.5,Secondary
0.22,2200,113.4,6.6,23,9,0.9968,3.3,1.2,0.069,10.3,Primary
0.02,1800,88.4,6.7,11,5,0.9962,3.48,0.52,0.05,9.5,Primary
0.15,2100,69,5.2,65,8,0.9934,3.9,0.56,0.054,13.1,Primary
0.43,2200,115.5,9.35,114,22,0.997,3.25,0.73,0.114,9.2,Primary
0.52,1600,147.9,2.9,37,12,0.9969,3.25,0.58,0.113,9.5,Primary
0.23,1600,89.6,4,12,5,0.9958,3.34,0.56,0.066,9.2,Primary
0.37,1400,78.4,3.1,96,12,0.9954,3.32,0.58,0.074,9.2,Primary
0.26,1700,158.4,6.6,23,4,0.9971,3.15,0.74,0.074,9.2,Primary
0.04,2200,118.8,5.2,15,8,0.9956,3.4,0.63,0.069,9.4,Secondary
0.04,2100,85.8,5,14,6,0.9955,3.39,0.64,0.068,9.4,Secondary
0.36,3000,137.6,3.8,119,30,0.997,3.2,0.56,0.081,9.4,Primary
0.15,2800,121.6,5.1,73,33,0.9955,3.17,0.63,0.11,10.2,Secondary
0.04,3800,154,6.2,45,25,0.9978,3.34,0.53,0.084,9.5,Primary
0.57,3400,102,4.2,10,4,0.9971,3.04,0.63,0.07,9.6,Primary
0.12,5100,127.5,6.3,110,50,0.9983,3.26,0.77,0.111,9.4,Primary
0.18,2300,148.2,5.9,54,17,0.9975,3.43,0.59,0.076,10,Primary
0.31,2400,124.1,3.9,46,9,0.9962,3.41,0.54,0.074,9.4,Secondary
0.4,2200,140.8,4,52,19,0.998,3.44,0.64,0.079,9.2,Primary
0.49,1800,123.2,6.9,112,20,0.9968,3.21,0.71,0.115,9.3,Primary
0.16,1900,120,5.2,35,12,0.9968,3.38,0.62,0.085,9.5,Secondary
0.05,2000,105,7.35,54,13,0.9966,3.39,0.57,0.081,9.8,Primary
0.05,4650,136.8,7.25,11,4,0.9962,3.41,0.39,0.086,10.9,Primary
0.05,4650,144,7.25,11,4,0.9962,3.41,0.39,0.086,10.9,Primary
0.11,1500,97.5,5.2,39,11,0.9968,3.42,0.58,0.079,9.6,Primary
0.07,1600,118.8,7.05,15,6,0.9962,3.44,0.58,0.076,10.7,Primary
0.57,2000,139.5,3.2,65,27,0.9969,3.28,0.79,0.074,10.7,Primary
0.05,1900,152,7.05,19,8,0.9962,3.34,0.95,0.074,10.5,Secondary
0.08,1900,146.3,6.3,27,15,0.9967,3.32,0.54,0.076,9.5,Secondary
0.23,2100,100.1,6.7,96,17,0.9962,3.32,0.48,0.088,9.5,Primary
0.22,1900,123.2,6.9,94,18,0.9961,3.31,0.48,0.084,9.5,Primary
0.26,2100,91.3,6.75,43,11,0.9976,3.31,0.53,0.084,9.2,Primary
0.54,2500,116.4,3.2,83,28,0.9984,3.28,0.82,0.094,9.6,Primary
0.64,2200,149.6,4.1,42,9,0.9986,3.54,0.66,0.093,10.5,Primary
0.64,2200,114.4,4.1,42,9,0.9986,3.54,0.66,0.093,10.5,Primary
0,2400,136,7.85,30,14,0.9966,3.52,0.55,0.104,10.7,Secondary
0.12,2000,134,7.5,80,12,0.9958,3.38,0.52,0.086,10.1,Primary
0.2,1500,83,6.25,119,27,0.9972,3.16,1.12,0.08,9.1,Primary
0.2,1600,74.4,4.5,15,3,0.9958,3.41,0.56,0.069,9.2,Primary
0.7,1900,93.6,4.3,67,22,0.9974,3.13,1.28,0.464,9.4,Primary
0.47,2000,118.4,5,73,21,0.997,3.36,0.57,0.086,9.1,Primary
0.26,1800,131.4,6.7,51,16,0.9969,3.16,1.14,0.401,9.4,Primary
0.48,1800,69.3,3,61,18,0.9959,3.44,0.78,0.069,10.3,Secondary
0.15,2200,138,5.5,40,19,0.9961,3.41,0.59,0.076,10.1,Primary
0.28,1900,146.2,4.9,136,20,0.9972,2.93,1.95,0.11,9.9,Secondary
0.26,1900,154,4.9,31,9,0.9966,3.39,0.64,0.062,9.6,Primary
0.44,2100,93,3.9,125,34,0.9978,3.14,1.22,0.107,9.5,Primary
0.08,1800,77,6.2,24,8,0.9978,3.48,0.53,0.076,9,Primary
0.26,1900,134.3,5.2,140,42,0.9964,3.23,0.54,0.079,9.5,Primary
0.28,1900,146.2,4.9,136,20,0.9972,2.93,1.95,0.11,9.9,Secondary
0.29,2000,129,4.9,133,19,0.9972,2.93,1.98,0.11,9.8,Primary
0.26,1900,107.8,4.9,31,9,0.9966,3.39,0.64,0.062,9.6,Primary
0.04,1400,75,10.2,85,41,0.9938,3.75,0.48,0.045,10.5,Primary
0.17,2300,56.4,6,106,17,0.9932,3.85,0.6,0.058,12.9,Secondary
0,3000,115.6,7.75,23,8,0.9965,3.45,0.56,0.102,10.7,Primary
0.25,2000,105,5,22,3,0.9963,3.25,0.63,0.07,9.2,Primary
0.06,2500,106.4,9,10,5,0.9967,3.39,0.56,0.079,9.8,Primary
0.18,1900,153.9,5.45,35,13,0.9972,3.3,0.59,0.08,9,Secondary
0.3,2100,116.2,6.1,50,11,0.9972,3.4,0.61,0.084,10.2,Secondary
0.3,1900,101.4,5,22,8,0.9959,3.31,0.56,0.075,10.4,Secondary
0.18,1900,97.2,5.45,35,13,0.9972,3.3,0.59,0.08,9,Secondary
0.22,2100,113.4,5.75,65,12,0.9967,3.29,0.51,0.077,9.2,Primary
0.24,2200,108,4.9,36,5,0.996,3.33,0.48,0.07,9.4,Primary
0.22,2100,97.2,5.75,65,12,0.9967,3.29,0.51,0.077,9.2,Primary
0.68,1700,85.8,4.1,69,18,0.9973,3.08,1.31,0.467,9.3,Primary
0.31,1700,62,6.3,64,15,0.9969,3.46,0.79,0.088,9.3,Primary
0.53,2500,120,3.3,80,18,0.9976,3.37,0.8,0.091,9.6,Secondary
0.52,2000,162,7.85,153,37,0.9969,3.21,0.69,0.122,9.3,Primary
0.19,1800,156,5.6,47,12,0.9964,3.19,0.93,0.104,9.5,Primary
0.09,2200,92.4,6.2,108,11,0.9964,3.15,0.66,0.084,9.8,Primary
0.1,2200,159.6,6,111,14,0.9964,3.15,0.66,0.085,9.8,Primary
0.44,2300,141.4,3.1,46,22,0.9988,3.32,0.67,0.08,9.7,Secondary
0.19,1800,109.2,5.6,47,12,0.9964,3.19,0.93,0.104,9.5,Primary
0.31,2200,94,4,62,13,0.9966,3.07,0.63,0.09,10.5,Secondary
0.28,1900,132.8,5.4,40,11,0.9978,3.39,0.61,0.077,10,Secondary
0.12,2000,132.6,5.6,28,7,0.997,3.37,0.5,0.082,9.4,Secondary
0.04,2200,158.4,5.5,56,14,0.9962,3.21,0.6,0.119,10.9,Secondary
0.08,1800,119,6.9,89,22,0.9959,3.34,0.54,0.097,9.2,Secondary
0.09,1700,94.9,10.7,89,10,0.9962,3.3,0.57,0.178,9,Primary
0.04,2200,140.8,5.5,56,14,0.9962,3.21,0.6,0.119,10.9,Secondary
0,2500,138.7,6.95,13,3,0.998,3.49,0.52,0.075,9.2,Primary
0,2600,80,7.1,34,11,0.9976,3.44,0.53,0.08,9.5,Primary
0.17,1600,132.6,5,102,21,0.996,3.39,0.48,0.082,9.5,Primary
0.04,1900,99,6.2,90,27,0.9984,3.16,0.7,0.146,9.4,Primary
0,1700,155.8,13.3,12,3,0.9964,3.53,0.49,0.081,10.9,Primary
0,1800,113.4,13.3,12,3,0.9964,3.54,0.48,0.082,10.9,Primary
0.16,1800,152,5.9,16,3,0.9962,3.42,0.92,0.065,10.5,Secondary
0.15,1800,109.8,3.8,19,6,0.9955,3.42,0.57,0.072,9.4,Primary
0.56,2000,144,7.45,134,30,0.9968,3.24,0.66,0.118,9.4,Primary
0.09,2300,61.6,5,99,17,0.9937,3.63,0.63,0.049,13,Primary
0.09,2300,106.4,5,99,17,0.9937,3.63,0.63,0.049,13,Primary
0.01,1500,125.4,5,26,17,0.9952,3.4,0.58,0.06,9.8,Secondary
0.05,2200,150.1,10.4,29,13,0.9959,3.22,0.55,0.084,9.9,Secondary
0.11,1900,134.4,7.45,63,16,0.9965,3.19,0.82,0.09,9.6,Primary
0.15,1800,124.5,7.15,52,10,0.9968,3.23,0.77,0.089,9.5,Primary
0.36,2000,115.2,4.15,45,13,0.9972,3.48,0.64,0.081,9.2,Primary
0.19,2100,78,5.6,105,15,0.9962,3.33,0.54,0.081,9.5,Primary
0.19,2000,85.8,5.6,108,17,0.9962,3.32,0.54,0.081,9.5,Primary
0.11,1900,84,7.45,63,16,0.9965,3.19,0.82,0.09,9.6,Primary
0.15,1800,124.5,7.15,52,10,0.9968,3.23,0.77,0.089,9.5,Primary
0,1800,93.6,3.4,63,27,0.9916,3.68,0.79,0.05,14,Secondary
0.08,1700,75.6,3.9,20,3,0.9954,3.34,0.58,0.066,9.4,Primary
0,1800,98.8,3.4,63,27,0.9916,3.68,0.79,0.05,14,Secondary
0.55,1800,137.7,6.7,141,32,0.9968,3.17,0.62,0.117,9.4,Primary
0.02,1800,104.4,6.8,94,21,0.9944,3.54,0.52,0.087,10,Primary
0.26,1600,121.6,4.9,88,10,0.9968,3.11,0.8,0.236,9.3,Primary
0.1,2300,138,4.9,30,12,0.9959,3.42,0.58,0.074,10.2,Secondary
0.44,2800,114.8,4,43,11,0.9975,3.53,0.61,0.089,10.5,Secondary
0.47,2100,80.3,3.3,11,5,0.9958,3.33,0.53,0.077,10.3,Secondary
1,3400,128.8,5.2,69,32,0.9996,2.74,2,0.61,9.4,Primary
0.03,1800,82.5,6,99,25,0.995,3.35,0.54,0.095,10.1,Primary
0.03,1800,120,6,99,25,0.995,3.35,0.54,0.095,10.1,Primary
0.42,5500,99.4,4.3,129,29,0.9973,3.42,0.72,0.07,10.5,Primary
0.42,5500,92.3,4.3,128,28,0.9973,3.42,0.71,0.071,10.5,Primary
0.42,5500,106.5,4.3,129,29,0.9973,3.42,0.72,0.07,10.5,Primary
0.42,5500,85.2,4.3,128,28,0.9973,3.42,0.71,0.071,10.5,Primary
0,2200,113.6,6.8,22,12,0.9969,3.48,0.5,0.073,9.3,Primary
0.18,1900,74.8,6,86,18,0.9968,3.59,0.57,0.079,9.3,Secondary
0.03,2000,144.4,9.5,20,7,0.9959,3.2,0.56,0.09,9.6,Primary
0.02,1300,144.4,6.8,20,9,0.9965,3.17,1.08,0.072,9.2,Primary
0.04,1700,148.2,5.3,31,17,0.9964,3.33,0.56,0.076,10,Secondary
0.26,7300,118.4,6,121,36,0.9982,3.37,0.49,0.07,9.4,Primary
0.26,7200,124.1,5.9,121,35,0.9981,3.37,0.49,0.07,9.4,Primary
0.48,1700,93.6,6.3,96,14,0.9961,3.19,0.62,0.1,9.5,Primary
0.1,2100,68,6.4,101,18,0.9956,3.34,0.52,0.085,10.2,Primary
0.03,1600,109.5,5.5,42,17,0.9956,3.37,0.48,0.072,9,Primary
0.07,2100,102,6.3,44,11,0.9953,3.47,0.55,0.089,10.4,Secondary
0.24,1800,90,7.05,63,15,0.9964,3,1.59,0.36,9.5,Primary
0.03,1800,94.8,8.85,8,4,0.9972,3.36,0.33,0.058,9.1,Primary
0.17,2000,120,4.2,18,6,0.9972,3.29,0.61,0.073,9.2,Secondary
0.17,2000,112,4.2,18,6,0.9972,3.29,0.61,0.073,9.2,Secondary
0.05,1900,111,6.2,42,24,0.9961,3.42,0.57,0.068,11.5,Secondary
0.21,2000,94.9,3.8,35,7,0.9961,3.33,0.47,0.08,9.5,Primary
0.04,1500,82.8,5,49,19,0.9958,3.35,0.78,0.085,9.5,Primary
0.21,2000,131.4,3.8,35,7,0.9961,3.33,0.47,0.08,9.5,Primary
0.42,2300,75,5.2,38,8,0.9972,3.58,0.61,0.087,10.5,Secondary
0,2500,105,8.05,20,7,0.9969,3.48,0.56,0.068,9.6,Primary
0.14,2400,123.2,6.1,42,10,0.9969,3.19,0.59,0.067,9.5,Primary
0.14,2400,88,6.1,42,10,0.9969,3.19,0.59,0.067,9.5,Primary
0.49,2000,124.6,6.1,110,23,0.9972,3.12,1.02,0.27,9.3,Primary
0.02,2500,122.4,7.3,42,16,0.9972,3.44,0.52,0.076,9.3,Primary
0.2,1800,108.8,6.1,65,11,0.9971,3.54,0.58,0.077,9.3,Primary
0.21,1900,100.5,6.2,62,8,0.997,3.52,0.58,0.079,9.3,Secondary
0.57,2000,97.9,3.1,85,26,0.9971,3.26,0.53,0.111,9.7,Primary
0.48,2000,74,3.9,67,14,0.9972,3.34,0.55,0.082,9.2,Primary
0.1,2600,100.1,7.05,26,9,0.9976,3.39,0.49,0.084,9.7,Primary
0.33,2000,142.2,5,143,15,0.9968,3.2,0.55,0.084,9.5,Primary
0.32,1900,86.9,4.9,144,17,0.9968,3.2,0.55,0.082,9.5,Primary
0.35,2900,155.8,5,127,21,0.9976,3.23,0.62,0.077,9.4,Primary
0.25,1900,96,3.7,49,21,0.9974,3.57,0.62,0.074,9.8,Secondary
0.12,3800,115.6,6.3,126,16,0.9969,3.28,0.61,0.099,9.5,Primary
0.21,2200,76,5.5,28,7,0.9964,3.28,0.55,0.071,9.7,Primary
0.21,2200,76,5.5,28,7,0.9964,3.28,0.55,0.071,9.7,Primary
0.33,2000,132.6,5.9,120,24,0.9968,3.25,0.54,0.074,9.4,Primary
0.3,2400,131.4,5.8,55,15,0.9968,3.46,0.59,0.074,10.2,Primary
0.6,2000,218.5,3,27,12,0.9981,3.11,0.97,0.067,10.1,Secondary
0.08,1200,59.4,8.35,93,13,0.9924,3.57,0.85,0.046,13,Secondary
0.06,2100,103.5,10.9,31,12,0.9948,3.51,0.43,0.061,11.4,Primary
0.47,1400,96,3.2,24,9,0.99695,3.22,0.82,0.056,10.3,Secondary
0.48,2100,88,3.7,145,39,0.9975,3.04,1.03,0.097,9.3,Primary
0.11,1500,95.2,5,49,16,0.99545,3.36,0.79,0.075,9.5,Primary
0.35,1600,119,4.2,39,16,0.9961,3.34,0.55,0.088,9.2,Primary
0.36,1600,112,4.3,37,14,0.99615,3.34,0.56,0.089,9.2,Secondary
0.74,2600,243.2,3,28,9,0.9994,3.2,0.77,0.095,10.8,Secondary
0.74,2600,204.8,3,28,9,0.9994,3.2,0.77,0.095,10.8,Secondary
0.31,1800,132.6,5.7,120,26,0.99625,3.29,0.53,0.069,9.3,Primary
0.28,2700,148.2,4.4,95,18,0.9966,3.22,0.67,0.1,9.4,Primary
0.58,2100,209,3,19,7,0.998,3.31,0.88,0.054,10.5,Secondary
0.6,2000,164.9,5.3,19,5,0.99585,3.3,0.86,0.039,12.4,Secondary
0.24,2800,144,7.25,62,10,0.99685,3.35,0.56,0.083,10,Secondary
0.64,2100,220.4,4.4,15,5,0.998,3.21,0.67,0.059,10.2,Secondary
0.26,2200,114.8,5.7,65,28,0.9959,3.3,0.43,0.06,10.1,Primary
0.08,2400,124.8,7.35,41,10,0.9974,3.24,0.71,0.092,9.8,Secondary
0.49,5600,84,4.9,121,26,0.9974,3.34,0.76,0.06,10.5,Primary
0.16,2000,147.9,6.25,49,13,0.9962,3.14,0.57,0.101,11,Primary
0.22,2200,113.4,7.25,41,11,0.9967,3.36,0.55,0.072,9.1,Primary
0.19,1900,82.5,4.9,44,10,0.9957,3.39,0.54,0.076,9.7,Primary
0.33,2400,109.2,5.3,144,24,0.99655,3.3,0.6,0.08,9.5,Primary
0.37,2000,132.6,3.4,58,24,0.9964,3.34,0.59,0.082,9.4,Secondary
0.26,2000,74,5.3,72,16,0.9957,3.15,0.57,0.101,9.4,Primary
0.04,1500,108.8,6.1,10,5,0.99525,3.42,0.6,0.057,9.5,Primary
0.25,2000,103.2,6.45,28,8,0.99815,3.28,0.6,0.083,10,Secondary
0.36,2000,109.2,6.35,55,15,0.99745,3.31,0.57,0.089,10.4,Primary
0.25,2600,92.4,4.3,63,29,0.99615,3.37,0.58,0.073,10.5,Secondary
0.5,2000,106.8,5.9,81,27,0.9964,3.04,1.61,0.337,9.5,Secondary
0.14,2600,99,8.2,23,9,0.9984,3.39,0.63,0.089,9.8,Primary
0.25,2600,130.9,4.3,63,29,0.99615,3.37,0.58,0.073,10.5,Secondary
0.25,2600,103.5,5.2,37,10,0.99685,3.46,0.5,0.081,11,Primary
0.04,1600,104,4.8,106,19,0.9927,3.54,0.62,0.054,12.2,Secondary
0.06,1800,80,3.8,49,12,0.99625,3.37,0.52,0.078,9.9,Secondary
0.2,2800,153,3.7,58,18,0.998,3.34,0.7,0.09,9.6,Secondary
0.25,2600,75.9,5.2,37,10,0.99685,3.46,0.5,0.081,11,Primary
0.09,2300,90.2,10,37,7,0.99685,3.32,0.55,0.065,9,Secondary
0,1900,144,6.3,38,14,0.99675,3.37,0.58,0.097,9,Secondary
0,1900,86.4,6.3,38,14,0.99675,3.37,0.58,0.097,9,Secondary
0,1900,122.4,6.45,39,15,0.99675,3.37,0.58,0.097,9.2,Secondary
0,1900,108,6.3,38,14,0.99675,3.37,0.58,0.097,9,Secondary
0.09,2300,90.2,10,37,7,0.99685,3.32,0.55,0.065,9,Secondary
0.37,1700,151.3,6.35,62,5,0.9971,3,1.09,0.263,9.3,Primary
0.56,2100,132,3.8,24,6,0.99925,3.14,0.71,0.093,10.9,Secondary
0.1,1800,154,5.8,109,28,0.99565,3.08,0.49,0.102,9.8,Secondary
0.44,2200,240,2.1,24,10,1.00005,3.07,0.84,0.075,9.2,Secondary
0.44,2200,240,2.1,24,10,1.00005,3.07,0.84,0.075,9.2,Secondary
0,2000,87.6,6.6,23,6,0.9983,3.61,0.96,0.084,9.9,Secondary
0.07,1900,120.7,6.8,51,16,0.99685,3.38,0.52,0.075,9.5,Primary
0.17,2300,106.6,6,73,11,0.9963,3.2,0.45,0.072,9.3,Primary
0.06,1700,107.8,5.3,39,9,0.99615,3.35,0.48,0.074,9.8,Secondary
0,2000,146,6.6,23,6,0.9983,3.61,0.96,0.084,9.9,Secondary
0.44,1600,162,3.2,37,16,0.9985,3.22,0.78,0.063,10,Secondary
0,1800,106.5,6,34,16,0.9972,3.47,0.7,0.074,9.9,Secondary
0.48,3100,122.1,3.5,21,5,0.9986,3.17,0.53,0.09,10.5,Primary
0.42,1900,154,7.75,86,8,0.9959,3.23,0.59,0.092,9.5,Primary
0,1800,134.9,6,34,16,0.9972,3.47,0.7,0.074,9.9,Secondary
0.23,3200,80,5.7,119,17,0.99675,3.26,0.57,0.073,9.3,Primary
0.37,2200,178.6,3.4,13,5,0.998,3.22,0.62,0.075,9.2,Primary
0,2100,118.8,6.95,56,12,0.9968,3.49,0.67,0.075,9.2,Primary
0.76,1800,130.9,4.1,45,8,0.9968,3.06,1.26,0.611,9.4,Primary
0.47,2600,180,3.1,33,14,0.99965,3.36,0.8,0.085,10.5,Secondary
0.23,1700,134.3,3.3,45,18,0.99625,3.29,0.65,0.077,9.3,Primary
0.04,2000,70,9.75,67,12,0.99565,3.35,0.6,0.087,9.4,Primary
0.03,1700,88,5.2,35,10,0.99575,3.34,0.57,0.07,10,Primary
0.23,1800,94.8,3.7,49,23,0.9963,3.28,0.67,0.077,9.3,Primary
0.49,2400,250,5.6,27,5,0.9999,3.08,0.87,0.064,10.9,Primary
0.52,1800,236,2.6,10,6,0.9968,3.2,0.72,0.071,10.2,Secondary
0,3300,121.5,8.7,61,26,1.00025,3.6,0.72,0.096,9.8,Primary
0.46,3600,79,3.5,37,15,0.9973,3.35,0.86,0.078,12.8,Common
0.04,3000,69,5.4,27,7,0.9987,3.69,0.91,0.077,9.4,Secondary
0.51,4000,172.5,1.8,23,4,0.9996,3.28,0.97,0.104,10.1,Secondary
0.06,4000,142.2,5.45,61,27,0.9965,3.36,0.67,0.087,10.7,Secondary
0.51,4000,138,1.8,23,4,0.9996,3.28,0.97,0.104,10.1,Secondary
0.58,4000,141.7,3.7,65,17,0.99935,3.22,0.78,0.071,10.1,Primary
0.2,2400,134.4,7.15,38,10,0.99735,3.31,0.64,0.076,9.4,Primary
0.18,7000,142.5,6.5,94,27,0.99915,3.38,0.77,0.088,9.4,Primary
0.06,4000,86.9,5.45,61,27,0.9965,3.36,0.67,0.087,10.7,Secondary
0.04,3000,103.5,5.4,27,7,0.9987,3.69,0.91,0.077,9.4,Secondary
0.51,4000,207,1.8,23,4,0.9996,3.28,0.97,0.104,10.1,Secondary
0.45,6400,195.7,3.2,13,5,0.9976,3.23,0.82,0.073,12.6,Common
0.32,5600,115.7,4,47,10,0.9991,3.38,0.77,0.087,10.5,Secondary
0.44,3600,193.8,2.6,19,6,0.9986,3.12,0.82,0.071,9.3,Secondary
0.68,3500,84.7,2.7,10,5,0.9972,3.25,1.08,0.358,9.9,Secondary
0.12,3000,121.6,5.2,53,12,0.9971,3.36,0.57,0.067,9.1,Primary
0.32,5600,151.3,4,47,10,0.9991,3.38,0.77,0.087,10.5,Secondary
0.07,3400,188.1,5.9,71,32,1.00015,3.31,0.71,0.102,9.8,Primary
0.07,3400,148.5,5.9,71,32,1.00015,3.31,0.71,0.102,9.8,Primary
0.55,2000,192,4.5,49,25,0.9997,3.1,0.76,0.073,10.3,Secondary
0.12,3000,112.5,4,53,29,0.9967,3.37,0.7,0.092,10.3,Secondary
0.09,2500,156.6,5.2,49,20,0.9976,3.34,0.86,0.091,10.6,Secondary
0.53,3300,127.6,4.2,98,33,1.001,3.2,0.95,0.105,9.2,Primary
0.09,2500,87,5.2,49,20,0.9976,3.34,0.86,0.091,10.6,Secondary
0.48,2000,165,2,18,6,0.9979,3.3,0.71,0.343,10.5,Primary
0.23,2700,114.4,5.5,48,18,0.9994,3.22,0.64,0.091,10.3,Secondary
0.25,2400,89.7,3.6,16,5,0.9964,3.41,0.6,0.098,10.1,Secondary
0.52,3200,199.5,3.4,53,17,1.0014,3.05,0.81,0.094,9.5,Secondary
0.46,2500,118.8,5,27,5,1.0001,3.05,0.64,0.073,9.5,Primary
0.37,2600,148.4,8.3,70,26,0.9981,3.16,0.52,0.086,9.9,Primary
0.06,2000,120.7,6.3,29,8,0.99855,3.67,0.73,0.083,9.6,Primary
0.02,2300,79.2,6.5,31,5,0.9993,3.67,0.8,0.094,9.7,Primary
0.06,2100,103.5,6.7,33,8,0.99845,3.68,0.71,0.08,9.6,Primary
0.06,2600,120,5.3,44,20,0.9965,3.38,0.59,0.086,10.7,Secondary
0.48,1500,199.8,1.8,15,7,0.9973,3.22,0.64,0.068,10.1,Secondary
0.12,2600,91.3,7.05,28,12,0.9994,3.51,0.72,0.092,10,Primary
0.12,1600,118.4,6.7,21,5,0.996,3.39,0.54,0.186,9.5,Primary
0.6,2100,126,6.5,90,12,0.9973,3.2,0.52,0.112,9.2,Primary
0.48,2500,123.6,5.3,25,6,0.9998,3.12,0.59,0.063,9.3,Secondary
0.32,2200,144.4,6.2,54,7,0.9966,3.36,0.52,0.082,9.4,Primary
0.42,2400,133.9,4.1,14,6,0.9994,3.19,0.62,0.213,9.5,Secondary
0.44,2400,133.9,4.3,12,5,0.9994,3.19,0.63,0.214,9.5,Secondary
0.38,1700,148,2.9,30,9,0.9968,3.41,0.53,0.062,9.5,Secondary
0.48,2500,103,5.3,25,6,0.9998,3.12,0.59,0.063,9.3,Secondary
0.24,2000,79,5.3,105,15,0.996,3.27,0.54,0.072,9.4,Secondary
0.31,2800,144,4.6,98,19,0.99815,3.32,0.63,0.093,9.5,Secondary
0.3,3000,137.6,4.7,135,30,0.9976,3.3,0.53,0.076,9.4,Primary
0.29,2600,140.6,3.6,72,26,0.99645,3.39,0.68,0.087,11,Primary
0.29,2500,106.5,3.5,53,20,0.9962,3.42,0.65,0.096,11,Secondary
0.23,3400,192,5.6,92,37,0.9996,3.3,0.65,0.102,10.1,Primary
0.12,2900,105.6,7.7,74,30,0.99865,3.3,0.64,0.082,10.4,Secondary
0.39,3200,107.8,6.6,59,21,0.9989,3.37,0.71,0.083,11.5,Secondary
0.12,2900,153.6,7.7,74,30,0.99865,3.3,0.64,0.082,10.4,Secondary
0.39,3200,147,6.6,59,21,0.9989,3.37,0.71,0.083,11.5,Secondary
0.26,3400,167.4,6.1,87,25,0.99975,3.24,0.62,0.09,9.7,Primary
0.05,2300,156,6.2,18,6,0.99735,3.29,0.63,0.079,9.3,Primary
0.42,2800,133.9,5.9,73,35,0.999,3.28,0.7,0.09,9.5,Secondary
0.2,11000,100,4.9,50,13,1.0015,3.16,0.69,0.071,9.2,Secondary
0.2,11000,190,4.9,50,13,1.0015,3.16,0.69,0.071,9.2,Secondary
0.66,3650,197.2,5.3,14,6,0.9978,3.05,0.74,0.121,11.5,Secondary
0.5,4500,144.2,4.4,13,5,0.998,3.28,0.83,0.107,11.5,Primary
0.62,2600,241.2,2.7,21,6,1.0002,3.16,0.67,0.082,9.7,Secondary
0.39,2000,149.8,4.6,15,7,0.9981,3.18,0.62,0.061,9.5,Primary
0.64,2900,112.2,3.6,41,10,0.998,3.23,0.66,0.122,12.5,Secondary
0.64,2900,204,3.6,41,10,0.998,3.23,0.66,0.122,12.5,Secondary
0.28,3200,136,5.8,114,21,0.9973,3.22,0.54,0.066,9.4,Secondary
0.08,2100,84,5.6,44,16,0.9958,3.13,0.52,0.105,11,Primary
0.01,2500,118.5,6.5,38,17,0.9963,3.34,0.74,0.078,11.7,Secondary
0.53,3400,202.3,6.95,21,7,0.9992,3.17,0.84,0.128,12.2,Secondary
0.45,1900,160.2,4.3,16,6,0.9948,3.35,0.7,0.052,12.5,Secondary
0.32,2800,93.6,4.3,58,29,0.9974,3.31,0.64,0.08,10.3,Primary
0.58,3000,198.4,4.9,99,28,1.0008,3.16,1,0.103,11.5,Secondary
0.54,2300,137.5,2.8,29,12,0.9997,3.11,1.36,0.082,9.8,Secondary
0.5,2400,122,3.4,21,10,1,3.12,1.18,0.066,9.2,Secondary
0.48,2700,190.8,4.2,18,5,0.9972,3.21,0.87,0.065,11.3,Secondary
0.47,1800,130.8,3.9,14,6,0.9982,3.3,0.75,0.118,9.8,Secondary
0.47,1800,163.5,3.9,14,6,0.9982,3.3,0.75,0.118,9.8,Secondary
0.5,2600,214.2,5.7,32,6,1.0006,3.12,0.78,0.082,10.7,Secondary
0,1900,119,6.85,63,40,0.9979,3.6,0.81,0.067,9.9,Primary
0.02,2700,112.2,8.15,34,17,0.9955,3.58,0.89,0.072,12.3,Secondary
0.67,3000,262.2,4.9,15,6,0.9986,3.02,0.93,0.093,12,Secondary
0.31,2800,182.4,5.6,46,15,0.9979,3.11,0.92,0.089,10,Secondary
0,2600,91,7.85,28,11,0.9994,3.36,0.86,0.093,9.4,Secondary
0.22,2700,171.2,6.7,34,17,1.0004,3.28,0.98,0.107,9.9,Secondary
0,2600,100.1,7.95,26,11,0.9994,3.35,0.83,0.096,9.4,Secondary
0,2400,138.6,6.65,19,8,0.9974,3.27,0.73,0.09,9.3,Primary
0.79,4800,135,5.3,77,23,1.0018,3.18,0.77,0.12,13,Primary
0.4,1400,109.8,2.1,165,40.5,0.9912,3.25,0.59,0.066,11.9,Secondary
0.01,2400,73.7,7.5,32,17,0.9955,3.55,0.61,0.078,12.8,Secondary
0.52,3000,230,4.1,55,29,1.0001,3.26,0.88,0.08,11,Primary
0.66,2950,157.5,4.2,29,12,0.997,3.24,0.75,0.116,11.7,Secondary
0.66,3100,238,4.3,23,10,1,3.15,0.85,0.109,10.4,Secondary
0.66,2600,239.4,3.8,41,10,1.001,3.17,0.68,0.088,9.8,Secondary
0.23,2000,131.2,7,81,14,0.9973,3.19,0.7,0.099,9.4,Primary
0.31,2600,129,4.5,50,21,0.9982,3.37,0.91,0.086,9.9,Secondary
0.66,2500,238,5.8,37,6,0.9992,3.05,0.56,0.072,10,Primary
0.63,2000,212.5,4.6,15,6,0.9988,2.99,0.87,0.071,10.2,Primary
0.66,5800,166.4,6.15,42,7,1.0022,3.07,0.73,0.083,10,Secondary
0.5,3400,200,4.2,21,7,0.9979,3.26,0.93,0.107,11.8,Secondary
0.66,5800,179.2,6.15,42,7,1.0022,3.07,0.73,0.083,10,Secondary
0.61,2600,104,5.75,24,11,1,3.16,0.69,0.076,9,Primary
0.52,2800,195.7,3.4,75,15,0.9998,3.18,0.64,0.159,9.4,Primary
0.53,2400,169.2,2.7,18,6,0.9962,3.2,1.13,0.074,12,Secondary
0.02,2300,69,7.65,63,35,0.9975,3.57,0.78,0.063,9.9,Primary
0.4,1600,150.1,2.4,25,11,0.9967,3.32,0.87,0.056,8.7,Secondary
0.48,1800,163.8,2.8,46,26,0.9967,3.32,1.04,0.067,10.6,Secondary
0.22,2200,74,5.5,72,12,0.9959,3.05,0.63,0.106,9.2,Primary
0.63,3800,182,4.1,47,6,1.0014,3.01,0.81,0.089,10.8,Secondary
0.71,4400,161,5.4,15,6,0.9984,3.01,0.83,0.124,11.8,Secondary
0.5,3000,207,4.5,47,19,1.0003,3.26,1.11,0.078,11,Secondary
0.53,2400,103.4,2.7,18,6,0.9962,3.2,1.13,0.074,12,Secondary
0.66,6200,216.6,6.25,24,6,0.9988,3.11,0.99,0.088,13.3,Secondary
0.38,2500,141.1,4.2,60,24,0.9979,3.31,0.7,0.094,10.8,Secondary
0.42,2000,83,2.6,27,11,0.9974,3.21,0.8,0.08,9.4,Secondary
0.68,2900,260.3,4.15,43,17,1.0014,3.06,0.8,0.085,10,Secondary
0.42,2000,107.9,2.6,27,11,0.9974,3.21,0.8,0.08,9.4,Secondary
0.42,2000,124.5,2.6,27,11,0.9974,3.21,0.8,0.08,9.4,Secondary
0.28,2100,154,5.1,54,23,0.998,3.42,0.74,0.087,9.2,Primary
0.07,2400,148,6.3,37,11,0.9979,3.43,0.76,0.09,9.7,Secondary
0.26,2000,78,5.4,48,23,0.9981,3.41,0.74,0.088,9.2,Secondary
0.15,1900,132.8,6.6,42,17,0.9972,3.31,0.54,0.079,9.6,Secondary
0.26,1900,85.8,4.6,53,23,0.9981,3.43,0.74,0.088,9.2,Secondary
0.31,2500,172.8,3.8,49,16,0.9982,3.19,0.7,0.096,10,Secondary
0.05,1400,89.6,8.5,88,12,0.9924,3.56,0.82,0.045,12.9,Common
0.68,2900,150.7,4.15,43,17,1.0014,3.06,0.8,0.085,10,Secondary
0.52,2000,190,3.7,26,6,0.998,3.18,0.51,0.082,9.5,Primary
0.61,2000,92.4,6.65,95,13,0.997,3.16,0.54,0.112,9.1,Primary
0.65,2300,190.5,6,25,6,0.9997,3.03,0.57,0.063,9.9,Primary
0.76,4200,192,3.7,38,7,1.0004,3.22,0.6,0.066,13,Secondary
0.02,7900,118.8,7.35,124,68,0.9994,3.47,0.53,0.122,9.9,Primary
0.59,2600,149.5,5.9,49,13,0.9988,3.18,0.65,0.087,11,Secondary
0.59,2600,161,5.9,49,13,0.9988,3.18,0.65,0.087,11,Secondary
0.22,2300,113.1,7.65,42,9,0.9963,3.1,0.55,0.064,9.4,Primary
0.02,7900,132,7.35,124,68,0.9994,3.47,0.53,0.122,9.9,Primary
0.3,1700,84.7,2.6,38,20,0.9949,3.29,0.47,0.059,10.8,Secondary
0.54,2600,244,4.8,64,19,1,3.1,0.61,0.085,10.5,Secondary
0.49,2700,171,6,41,10,0.9994,3.15,0.63,0.085,10.5,Secondary
0.05,2700,138.6,6.9,27,15,0.9974,3.26,0.61,0.075,9.1,Primary
0.46,1400,147.9,3.1,25,11,0.9966,3.36,0.76,0.059,10.1,Secondary
0.47,2500,98,4.4,28,9,0.9981,3.24,0.65,0.063,10.8,Secondary
0.66,3000,240,3.9,30,12,0.9996,3.18,0.63,0.093,10.8,Secondary
0.58,3700,124.8,3.4,16,6,0.997,3.19,0.7,0.174,11.3,Secondary
0.49,4500,225,4.6,49,26,0.9981,3.05,0.57,0.07,9.6,Primary
0.34,2500,153,4.3,86,26,0.9987,3.38,0.62,0.08,9.5,Secondary
0.35,2400,163.8,4.5,78,23,0.9987,3.38,0.62,0.08,9.5,Primary
0.16,1900,71,7.35,77,15,0.9966,3.27,0.64,0.1,9.3,Primary
0.53,6700,128.7,4,19,6,0.9986,3.27,0.82,0.097,11.7,Secondary
0.34,2700,114.4,5.2,122,24,0.9982,3.26,0.61,0.087,9.5,Primary
0.24,6600,146.2,7.25,134,31,1.0014,3.32,1.07,0.117,9.3,Primary
0.64,2200,201.4,4.8,20,6,0.997,3.26,0.66,0.111,11.7,Secondary
0.12,1900,112,5.8,124,34,0.9956,3.44,0.48,0.091,10.5,Primary
0.51,2000,142.8,3.8,20,7,0.9996,3.24,0.76,0.121,10.4,Secondary
0,1800,115.6,7.7,52,34,0.9976,3.62,0.68,0.066,9.9,Primary
0.33,2400,142.5,5.6,67,35,0.9972,3.28,0.73,0.089,11.8,Secondary
0.03,2300,79.2,8.4,48,32,0.9952,3.52,0.56,0.059,12.3,Secondary
0.2,2000,123.2,9.6,60,15,0.9955,3.36,0.44,0.047,10.9,Primary
0.47,2100,126,2.4,24,6,0.9978,3.15,0.9,0.066,11,Secondary
0.2,2000,130.9,9.6,60,15,0.9955,3.36,0.44,0.047,10.9,Primary
0.03,2300,118.8,8.4,48,32,0.9952,3.52,0.56,0.059,12.3,Secondary
0.08,2100,96,6.7,48,19,0.9949,3.49,0.49,0.045,11.4,Secondary
0.22,1900,180.5,7.8,32,6,0.9988,3.26,0.56,0.077,10.6,Secondary
0.33,1300,154.7,5.2,30,9,0.9978,3.24,0.6,0.07,9.3,Primary
0.63,2400,179.2,8.4,35,13,0.9997,3.1,0.6,0.088,10.4,Secondary
0.47,2100,136.5,2.4,24,6,0.9978,3.15,0.9,0.066,11,Secondary
0.35,2200,85.8,5.5,66,21,0.9974,3.25,0.56,0.074,9.2,Primary
0.69,2300,178.5,3.7,24,12,0.9958,3,0.65,0.078,12.8,Secondary
0.63,2300,233.7,3.9,18,6,1.0004,3.16,0.49,0.091,9.5,Primary
0.55,3200,166.4,4.1,54,22,0.9996,3.15,0.89,0.076,9.9,Secondary
0.63,2300,233.7,3.9,18,6,1.0004,3.16,0.49,0.091,9.5,Primary
0.3,2000,152,6.7,62,38,0.9958,3.26,0.56,0.06,10.2,Secondary
0.73,3200,177.6,4.5,22,6,0.9986,3.17,0.66,0.066,11.2,Secondary
0.55,3200,197.6,4.1,54,22,0.9996,3.15,0.89,0.076,9.9,Secondary
0.18,1500,126,6.2,50,7,0.9951,3.08,0.6,0.062,9.3,Primary
0.72,2200,252,3.1,29,6,0.9987,2.88,0.82,0.072,9.8,Common
0.65,2150,190.4,4,27,7,0.9988,3.06,0.68,0.068,11.3,Secondary
0.76,3700,187.2,6.85,43,6,1.0032,2.95,0.68,0.1,11.2,Secondary
0.49,2700,140,4.4,19,11,0.9963,3.23,0.63,0.077,11.6,Secondary
0.01,1700,90.1,5.7,27,5,0.9934,3.57,0.84,0.054,12.5,Secondary
0.1,2100,180.5,7.35,31,6,0.9986,3.23,0.56,0.079,10.1,Secondary
0.6,2600,162.5,3.8,72,31,0.9996,3.1,0.73,0.081,10.5,Primary
0.29,2100,139.5,4.8,16,6,0.9968,3.22,0.72,0.127,11.2,Primary
0.22,2000,111.8,5.3,27,7,0.9967,3.2,0.56,0.1,10.2,Secondary
0.69,2800,142.8,3.9,35,17,0.9994,3.1,0.61,0.095,10.8,Secondary
0.69,2800,166.6,3.9,35,17,0.9994,3.1,0.61,0.095,10.8,Secondary
0.53,1800,117.6,3.7,26,9,0.9979,3.06,1.06,0.413,9.1,Secondary
0.03,1700,74.8,5.6,35,18,0.9968,3.44,0.63,0.084,10,Secondary
0.63,2800,104,3.3,22,5,0.9998,3.26,0.74,0.084,11.2,Secondary
0.4,1600,70,2.3,67,21,0.9952,3.5,0.63,0.063,11.1,Primary
0.67,5200,180.8,6.2,19,6,0.9988,3.22,0.69,0.086,13.4,Common
0.39,2300,97.9,5.9,22,5,0.9986,3.37,0.58,0.095,10.3,Primary
0.21,2700,101.2,6.3,65,29,0.9988,3.28,0.58,0.097,9.6,Primary
0.63,2800,176.8,3.3,22,5,0.9998,3.26,0.74,0.084,11.2,Secondary
0.66,2200,139.2,5.8,47,10,1.0008,3.25,0.57,0.074,9,Common
0.52,2300,101.2,4.3,23,14,0.9976,3.35,0.61,0.083,11.3,Secondary
0.22,2600,91.3,6.15,19,6,0.9982,3.26,0.61,0.087,9.3,Primary
0.68,2550,165,2.6,25,10,0.997,3.18,0.61,0.085,11.8,Primary
0.7,2200,81,6.6,129,25,0.9972,3.08,0.53,0.098,9,Primary
0.54,2100,161,3.15,15,5,0.9987,2.98,0.7,0.084,9.2,Secondary
0.4,2900,200,2.9,26,10,1.0006,3.48,0.91,0.098,9.7,Primary
0.42,2000,133.9,5,51,21,0.9982,3.16,0.72,0.069,11.5,Secondary
0.45,2600,176,4.6,18,7,0.9947,3.32,0.79,0.065,14,Secondary
0.69,2100,148.2,3.6,21,6,1,3.17,0.62,0.09,9.2,Secondary
0.02,1200,104.4,8.2,48,36,0.9952,3.2,0.58,0.07,9.8,Primary
0.65,2600,208,3.2,47,15,0.9996,3.05,0.61,0.093,10.6,Primary
0.42,2400,96,5.4,52,25,0.997,3.2,0.71,0.081,11.4,Secondary
0.55,2600,225,3.7,68,25,0.9995,3.15,0.82,0.083,10.4,Secondary
0.55,2100,168.3,3.5,14,5,0.9971,3.26,0.79,0.062,10.6,Primary
0.51,1700,210,2.8,24,10,0.9982,3.2,0.89,0.08,9.4,Secondary
0.24,2200,124.8,6.8,28,5,0.9988,3.14,0.6,0.087,10.2,Primary
0.41,2000,176.7,2.7,16,6,0.998,3.28,0.7,0.091,9.7,Primary
0.49,1800,104,2.4,20,6,0.9977,3.18,1.06,0.075,11,Secondary
0.24,2200,96,6.8,28,5,0.9988,3.14,0.6,0.087,10.2,Primary
0.11,2700,141,6.85,31,6,0.9984,3.19,0.7,0.077,10.1,Secondary
0.39,15500,180.2,2.8,23,6,1.0026,3.12,0.66,0.069,9.2,Primary
0.56,2800,178.6,3,17,6,0.9964,3.15,0.92,0.08,11.7,Common
0.59,2200,106,3.6,18,6,0.9986,3.04,1.05,0.152,9.4,Primary
0.6,2200,169.6,3.6,18,7,0.9986,3.04,1.06,0.152,9.4,Primary
0.68,4100,116.6,4.4,24,6,0.997,3.06,0.66,0.114,13.4,Secondary
0.39,1900,193.8,6.7,17,6,0.9976,3.17,0.47,0.054,10,Primary
0.39,1900,102,6.7,17,6,0.9976,3.17,0.47,0.054,10,Primary
0.36,1800,193.8,6.45,14,5,0.9982,3.17,0.42,0.053,10,Secondary
0.55,2800,162.4,3.2,67,35,1.0002,3.32,0.92,0.081,10.8,Secondary
0.4,2600,111.6,3.9,26,10,0.9984,3.34,0.75,0.073,10.2,Secondary
0.27,2800,139.5,7.75,56,24,0.9984,3.31,0.67,0.078,10.6,Secondary
0.5,2500,138,4.1,25,12,0.9952,3.34,0.79,0.055,13.3,Secondary
0.51,2600,160.2,4,27,13,0.995,3.32,0.9,0.052,13.4,Secondary
0.31,3000,113.1,6.9,81,23,1.0002,3.48,0.74,0.086,11.6,Secondary
0.23,8300,78,3.9,91,28,0.9952,3.44,0.55,0.051,12.1,Secondary
0.53,2600,181.9,3.5,16,5,0.9972,3.15,0.65,0.07,11,Common
0.25,1900,132.6,5.2,38,14,0.9984,3.43,0.65,0.081,9,Secondary
0.32,2500,136.8,3.4,113,43,0.9966,3.32,0.79,0.09,11.1,Primary
0.53,2600,117.7,3.5,16,5,0.9972,3.15,0.65,0.07,11,Common
0.31,3000,130.5,6.9,81,23,1.0002,3.48,0.74,0.086,11.6,Secondary
0.25,1900,156,5.2,38,14,0.9984,3.43,0.65,0.081,9,Secondary
0.73,6550,114.4,4.4,76,38,0.999,3.17,0.85,0.074,12,Secondary
0.73,6550,156,4.4,76,38,0.999,3.17,0.85,0.074,12,Secondary
0.47,1900,126,2.6,24,6,0.9976,3.18,1.04,0.078,10.9,Secondary
0.42,1800,210,2.4,22,6,0.9976,3.21,1.05,0.077,10.8,Secondary
0.63,2900,204,4.9,26,10,0.9968,3.16,0.78,0.072,12.5,Secondary
0.46,1800,166.4,2.4,21,6,0.9976,3.25,1.02,0.075,10.8,Secondary
0.55,2300,112,6.7,13,6,1,3.17,0.71,0.084,9.5,Secondary
0.31,2200,200,5.9,62,26,0.9994,3.18,0.63,0.09,10.2,Secondary
0.75,2800,226.1,2.9,43,23,0.9986,3.04,0.68,0.084,11.4,Secondary
0.49,4600,210.8,4.2,43,19,0.9978,3.02,0.61,0.073,9.5,Primary
0.31,2200,130,5.9,62,26,0.9994,3.18,0.63,0.09,10.2,Secondary
0.48,2100,128.4,4,49,15,0.998,3.03,0.81,0.125,9.7,Secondary
0.64,2400,115.5,5.1,15,6,0.9973,3.09,0.66,0.107,11.8,Secondary
0.64,2400,136.5,5.1,15,6,0.9973,3.09,0.66,0.107,11.8,Secondary
0.49,6100,127.5,6.55,151,34,1.001,3.31,1.14,0.122,9.3,Primary
0.49,4300,225,6,14,5,1.001,3.25,0.74,0.1,11.9,Secondary
0.49,2100,135.2,6.1,16,5,0.9994,3.16,0.63,0.2,8.4,Common
0.49,2800,163.5,2.1,32,11,0.9972,3.22,0.68,0.088,11.7,Secondary
0.49,2500,80.3,3.65,106,39,0.9966,3.36,0.78,0.088,11,Primary
0.49,2700,137.2,2.5,33,15,0.9982,3.42,0.9,0.088,10,Secondary
0.49,2000,106.4,4.1,43,16,0.998,3.48,0.64,0.088,9.1,Primary
0.49,2300,106.6,3.9,133,47,0.9979,3.38,0.99,0.099,9.8,Primary
0.49,2500,176.7,4,142,38,0.9978,3.22,0.55,0.085,9.4,Primary
0.49,2400,101.2,4.3,116,23,0.9976,3.23,0.64,0.086,9.5,Primary
0.24,2800,156,6.4,53,29,0.9998,3.24,0.67,0.105,9.9,Primary
0.49,2500,146,3.65,106,39,0.9966,3.36,0.78,0.088,11,Primary
0.49,2500,140,3.8,85,33,0.9962,3.39,0.77,0.097,11.4,Secondary
0.49,2600,155.8,4.2,55,32,0.9988,3.34,0.75,0.084,8.7,Secondary
0.24,2400,138.6,6.3,33,6,0.9974,3.09,0.57,0.077,9.4,Primary
0.24,2100,154.7,2.2,28,1,0.999,3.41,0.87,0.078,10.3,Secondary
0.49,2700,214.2,3.8,42,12,1.0004,3.16,0.61,0.098,10.3,Primary
0.49,2700,214.2,3.8,42,12,1.0004,3.16,0.61,0.098,10.3,Primary
0.24,2100,133.9,2.7,33,15,0.9956,3.22,0.66,0.072,12.8,Secondary
0.24,2700,120,4.8,32,13,1,3.28,0.56,0.102,10,Secondary
0.24,2100,163.8,2.2,28,1,0.999,3.41,0.87,0.078,10.3,Secondary
0.24,2400,118.8,6.3,33,6,0.9974,3.09,0.57,0.077,9.4,Primary
0.24,2100,129.6,8.25,13,5,0.9972,3.37,0.77,0.084,10.7,Secondary
0.49,5800,258,3.5,35,5,1.0014,3.2,0.66,0.066,12,Secondary
0.74,5150,201.6,5,17,5,0.9996,3.22,0.62,0.1,11.2,Primary
0.24,3300,156.4,5.9,47,20,0.9988,3.26,0.67,0.101,9.6,Primary
0.49,6300,142.5,4.6,17,5,0.9988,3.21,0.73,0.064,11,Secondary
0.24,2100,176.7,7.15,20,5,0.9966,3.12,0.59,0.07,9.9,Primary
0.24,2500,201.6,6.6,53,16,0.9993,3.06,0.72,0.085,11,Secondary
0.74,1800,157.3,3.1,15,6,1.0008,2.86,0.79,0.075,8.4,Secondary
0.49,2600,91,4.7,106,38,0.9982,3.08,0.59,0.094,9.1,Primary
0.24,2000,90,5.5,28,10,0.9983,3.45,0.78,0.078,9.5,Secondary
0.49,2500,127.2,3.1,21,6,0.9987,3.26,0.86,0.067,10.7,Secondary
0.49,2600,161.2,3.5,69,27,0.9994,3.12,0.75,0.079,10.4,Secondary
0.49,1900,126,5.3,25,6,0.9975,3.27,0.61,0.171,9.4,Secondary
0.01,2100,129.2,5.1,25,9,0.9958,3.33,0.56,0.074,9.5,Secondary
0.24,2800,178.6,4.3,45,14,0.998,3.19,0.73,0.092,10,Secondary
0.24,2700,104.5,4.6,44,14,0.998,3.12,0.74,0.092,10,Secondary
0.24,1600,70,10.4,96,32,0.9934,3.74,0.62,0.05,11.5,Primary
0.49,4200,263.5,6.45,23,10,1.00315,2.92,0.74,0.095,11.1,Primary
0.49,4200,294.5,6.45,23,10,1.00315,2.92,0.74,0.095,11.1,Primary
0.49,4600,163.5,5.3,17,10,1.0002,3.07,0.56,0.118,11.7,Secondary
0.49,4200,218.4,6.45,23,10,1.00315,2.92,0.74,0.095,11.1,Primary
0.49,4600,185.3,5.3,17,10,1.0002,3.07,0.56,0.118,11.7,Secondary
0.49,4300,182,4.7,47,6,1.0021,3.3,0.68,0.085,12.7,Secondary
0.49,2800,203.2,6,19,5,0.9994,3.14,0.57,0.075,11.4,Primary
0.49,2400,162,4.4,121,26,0.9978,3.23,0.58,0.078,9.2,Primary
0.49,2900,99,5.4,110,41,0.9982,3.08,0.61,0.094,9.2,Primary
0.49,2700,91.2,2.9,60,25,0.9971,3.31,0.61,0.092,10.1,Secondary
0.49,4300,156,4.7,47,6,1.0021,3.3,0.68,0.085,12.7,Secondary
0.49,2800,165.1,6,19,5,0.9994,3.14,0.57,0.075,11.4,Primary
0.24,2500,95.7,7,15,5,0.9991,3.32,0.6,0.226,9,Secondary
0.24,2500,139.2,7,15,5,0.9991,3.32,0.6,0.226,9,Secondary
0.49,2600,156.8,5,20,5,0.999,3.31,0.79,0.25,10.7,Secondary
0.24,2200,62,3.6,42,19,0.9946,3.57,0.57,0.095,11.7,Secondary
0.49,3300,115,3.5,37,10,1.0003,3.32,0.91,0.07,11,Secondary
0.24,2200,111.6,3.6,42,19,0.9946,3.57,0.57,0.095,11.7,Secondary
0.49,2400,204,2.4,28,10,0.9978,3.14,0.61,0.075,10.4,Primary
0.49,2100,136.5,5.9,47,14,0.9991,3.3,0.56,0.07,9.6,Primary
0.49,3200,201.4,3.4,78,20,0.9992,3.19,0.7,0.078,10,Secondary
0.49,3100,135.3,2.7,46,28,0.9993,3.2,0.8,0.079,10.2,Secondary
0.24,2300,99,5,14,6,0.9978,3.34,0.52,0.103,10,Primary
0.49,2800,132,4.4,111,18,0.9982,3.3,0.6,0.083,9.5,Primary
0.49,2900,105.6,4.7,110,17,0.9982,3.29,0.6,0.085,9.8,Primary
0.49,2200,190.8,3.1,40,18,0.9976,3.14,0.51,0.063,9.8,Secondary
0.49,2200,246,5,14,5,1.0002,3.19,0.44,0.089,9.6,Primary
0.49,2200,246,5,14,5,1.0002,3.19,0.44,0.089,9.6,Primary
0.49,2200,234,4.9,15,5,1,3.19,0.43,0.083,9.2,Primary
0.49,1900,180,2.8,21,10,0.9976,2.98,0.66,0.074,9.9,Secondary
0.49,3400,236,3.3,80,54,1.0002,3.3,0.76,0.093,10.7,Secondary
0.24,2400,76,5.1,38,8,0.998,3.47,0.66,0.091,9.6,Secondary
0.49,2700,155.4,3.1,47,16,0.9986,3.12,1.02,0.094,10.6,Secondary
0.24,1900,102.2,7.3,102,18,0.9967,3.26,0.59,0.108,9.3,Primary
0.24,2000,55,4.2,50,19,0.9917,3.72,0.74,0.06,14,Common
0.49,2600,132.6,2.9,13,5,0.9976,3.05,0.74,0.059,10.5,Secondary
0.49,2600,90,4.5,75,21,0.9987,3.35,0.57,0.084,9.7,Primary
0.49,1700,132,3.9,149,23,0.9922,3.12,0.5,0.07,11.5,Secondary
0.49,2600,171,4.5,75,21,0.9987,3.35,0.57,0.084,9.7,Primary
0.58,3500,108.9,4.9,43,9,1.0004,3.29,0.58,0.094,9,Primary
0.17,2600,142.2,7.2,38,20,0.9978,3.4,0.53,0.096,9.5,Primary
0.41,7900,142.4,5.95,109,30,0.9998,3.27,0.57,0.086,9.3,Primary
0.51,2000,248,4,24,6,0.9994,3.04,0.6,0.059,9.3,Secondary
0.58,1900,178.5,5.8,18,5,0.998,3.09,0.63,0.071,10,Secondary
0.18,2100,102,5.85,30,5,0.9967,3.2,0.48,0.078,9.8,Secondary
0.45,2300,165.1,5.9,22,11,1,3,0.7,0.082,9.3,Secondary
0.27,2100,114.8,9.15,23,7,0.9962,3.26,0.47,0.088,10,Primary
0.52,2200,211.2,4.6,35,12,1.0006,3.1,0.56,0.071,9,Secondary
0,2600,107.8,8.35,14,6,0.9975,3.3,0.52,0.081,9.3,Primary
0.52,2200,224.4,4.6,35,12,1.0006,3.1,0.56,0.071,9,Secondary
0.13,2900,149.4,5.8,63,14,0.9984,3.17,0.62,0.096,9.1,Secondary
0.13,2600,141.1,6,24,6,0.9984,3.31,0.59,0.085,9.2,Secondary
0.48,4600,169.2,4.1,20,10,0.9973,3.34,0.79,0.072,12.2,Secondary
0.41,3300,140.8,4.8,52,26,0.9982,3.31,0.53,0.092,10.5,Secondary
0.37,5100,202,6.5,65,11,1.0026,3.32,0.64,0.11,10.4,Secondary
0.19,3200,63,3.6,39,15,0.9956,3.56,0.52,0.075,12.7,Secondary
0.54,2500,140.8,2.4,57,25,0.9983,3.39,0.54,0.083,9.2,Primary
0.55,2700,250.8,3.8,16,5,1.0006,2.98,0.54,0.081,9.4,Primary
0,2400,82.5,6.4,29,18,0.9965,3.32,0.6,0.077,10,Secondary
0.38,1500,82,3.9,29,10,0.9962,3.26,0.74,0.058,9.8,Primary
0.18,2200,184,7.55,103,10,0.9969,2.87,1.36,0.148,10.2,Secondary
0.5,2300,115.2,6,71,28,0.9997,3.5,0.57,0.079,9.7,Primary
0.5,2300,163.2,6,71,28,0.9997,3.5,0.57,0.079,9.7,Primary
0.51,2200,161,3.1,28,14,0.9982,3.03,0.93,0.079,9.8,Secondary
0.5,2700,171,4.6,17,4,1.0006,3.13,0.7,0.122,10.2,Primary
0.41,2300,158.2,3.7,16,6,0.9988,3.09,0.8,0.088,9.3,Primary
0.24,3400,166,5.4,112,16,0.9976,3.27,0.61,0.076,9.4,Primary
0.23,3400,123,5.6,104,14,0.9976,3.28,0.62,0.078,9.4,Primary
0.22,1900,110,5.8,32,9,0.9974,3.13,0.55,0.08,9.5,Primary
0.25,2900,118.5,5.1,45,21,0.9974,3.49,0.96,0.077,12.1,Secondary
0,5600,74.8,6.9,58,21,0.9997,3.46,0.72,0.124,10.2,Primary
0,5600,102,6.9,58,21,0.9997,3.46,0.72,0.124,10.2,Primary
0.29,2200,105.6,6,15,5,0.9988,3.36,0.49,0.098,9.1,Primary
0.29,2200,149.6,6,15,5,0.9988,3.36,0.49,0.098,9.1,Primary
0.26,2500,165.3,5.4,31,7,0.9976,3.27,0.6,0.097,9.3,Secondary
0.23,2300,136.8,6.85,84,20,0.9964,3.21,0.61,0.111,9.3,Primary
0.26,2500,95.7,5.4,31,7,0.9976,3.27,0.6,0.097,9.3,Secondary
0.54,2700,208,2.8,19,5,0.9988,3.25,0.63,0.105,9.5,Primary
0.14,3000,76,4.1,43,21,0.9964,3.32,0.57,0.087,10.5,Secondary
0.22,3400,151.5,9.35,86,11,1.001,3.43,0.64,0.105,11.3,Primary
0.21,1900,150.1,3.5,102,46,0.9964,3.27,0.58,0.073,9.5,Primary
0,1400,147.9,8.4,33,24,0.9954,3.27,0.55,0.065,9.7,Primary
0.28,2400,105.6,8.8,147,30,0.9979,3.24,0.53,0.086,9.4,Primary
0.27,2300,104.5,8.85,145,31,0.9978,3.24,0.53,0.084,9.4,Primary
0.12,2200,130.9,9.15,23,7,0.9964,3.35,0.65,0.143,10.2,Secondary
0.35,1900,169.1,2.9,57,25,0.997,3.18,1.36,0.067,10.3,Secondary
0.45,2300,118.8,5.4,40,16,0.9991,3.39,0.62,0.071,9.4,Primary
0.44,2300,114,5.9,68,21,0.9992,3.46,0.63,0.071,9.5,Primary
0.45,2300,168.3,5.4,40,16,0.9991,3.39,0.62,0.071,9.4,Primary
0.44,2300,180.5,5.9,68,21,0.9992,3.46,0.63,0.071,9.5,Primary
0.45,2300,99,5.4,40,16,0.9991,3.39,0.62,0.071,9.4,Primary
0.1,6000,85.8,6.4,11,5,0.9984,3.37,0.69,0.115,10.1,Secondary
0.05,3600,94.9,6.7,20,6,0.9972,3.4,0.63,0.107,10.1,Primary
0.01,2200,107.9,8.45,14,5,0.9967,3.32,0.58,0.07,11,Primary
0.3,2800,87,4.8,28,10,0.9964,3.33,0.67,0.066,11.2,Secondary
0.27,8600,67,4.2,148,24,0.9948,3.16,0.57,0.068,11.3,Secondary
0.39,2200,128.4,4.3,32,8,0.9986,2.89,0.5,0.106,9.6,Primary
0.25,2500,156.8,8.8,155,35,1.001,3.41,0.67,0.104,11.2,Primary
0.65,7500,286.2,3.6,71,22,0.9976,2.98,0.84,0.096,14.9,Primary
0.59,2800,169.2,3.3,30,9,0.9976,3.12,0.54,0.079,12,Secondary
0.47,2400,120.4,4.7,29,7,0.9979,3.08,0.46,0.074,9.5,Primary
0.17,2900,184.3,5.5,53,20,1.0004,3.14,0.61,0.087,9.4,Primary
0.39,2200,139.1,4.3,32,8,0.9986,2.89,0.5,0.106,9.6,Primary
0.59,1400,120,5,42,23,0.998,2.92,0.68,0.073,10.5,Secondary
0.07,1400,72,5.2,20,5,0.9973,3.32,0.81,0.074,9.6,Secondary
0.02,4400,106.5,8.4,13,5,0.997,3.41,0.57,0.096,11,Primary
0.07,1400,144,5.2,20,5,0.9973,3.32,0.81,0.074,9.6,Secondary
0.31,1600,135,4.2,42,15,0.9978,3.31,0.64,0.08,9,Primary
0.06,1600,100.8,5.7,27,9,0.9972,3.36,0.7,0.076,9.6,Secondary
0.46,1800,151.5,2.8,13,5,0.9974,3.04,0.79,0.05,10.2,Secondary
0.52,2000,121,4,54,15,1,3.03,0.66,0.092,10.2,Primary
0.14,2000,159.8,5.9,48,25,0.9981,3.14,0.56,0.084,9.7,Primary
0.36,1800,107.9,4.9,16,6,0.998,3.18,0.6,0.222,9.5,Secondary
0.45,2000,158.2,3.4,15,6,0.9988,2.94,0.66,0.082,9.2,Secondary
0.43,2300,160,7.3,31,15,0.9966,3.15,0.57,0.059,11,Primary
0.45,2000,135.6,3.4,15,6,0.9988,2.94,0.66,0.082,9.2,Secondary
0.24,2500,89.7,4,45,30,0.9959,3.26,0.58,0.083,10,Primary
0.21,1700,131.2,7.3,13,5,0.9968,3.2,0.52,0.074,9.5,Primary
0.34,2000,107.8,12.4,151,32,0.998,3.15,0.53,0.079,9.5,Primary
0.21,1700,114.8,7.3,13,5,0.9968,3.2,0.52,0.074,9.5,Primary
0.41,2200,129.6,4,17,7,0.9984,3.08,0.67,0.084,9.3,Secondary
0.39,2200,186,4.1,31,12,0.9984,3.26,0.65,0.064,10.2,Primary
0.41,2200,108,4,17,7,0.9984,3.08,0.67,0.084,9.3,Secondary
0.11,2300,137.6,8,31,12,0.9979,3.4,0.48,0.084,9.9,Primary
0.1,2600,116.2,7.8,87,45,0.9983,3.48,0.53,0.081,10,Primary
0.45,3300,216,2.6,49,20,0.9972,3.13,0.54,0.06,9.6,Primary
0.58,1900,133,4.3,40,15,1.0004,3.06,0.49,0.07,9,Primary
0.23,2200,160,4.5,29,16,0.9962,3.21,0.49,0.094,10.2,Secondary
0.31,2250,144.5,4.6,58,32,0.998,3.33,0.54,0.078,9.8,Primary
0.23,2600,153.9,7.8,15,5,0.997,3.37,0.56,0.059,11.3,Primary
0.32,2300,176.4,9.8,152,35,0.998,3.25,0.48,0.078,9.4,Primary
0.23,2600,105.3,7.8,15,5,0.997,3.37,0.56,0.059,11.3,Primary
0.18,1800,134.9,6.5,40,13,0.997,3.44,0.6,0.07,9.1,Primary
0.23,3100,163.8,6.4,38,13,0.9998,3.28,0.59,0.095,9.7,Primary
0.04,1600,130.9,6.6,9,4,0.9962,3.4,0.47,0.039,9.4,Primary
0.48,1800,153.9,3.8,17,5,0.9976,3.3,1.05,0.157,9.4,Primary
0,4250,125.8,11.85,14,5,0.9966,3.63,0.54,0.097,10.7,Common
0.24,2600,184,9.2,93,12,0.9998,3.48,0.54,0.087,9.8,Primary
0.51,2000,163.4,4.9,62,16,0.9979,3.03,1.17,0.422,9,Primary
0.32,2800,153,4.8,122,21,0.9984,3.32,0.62,0.084,9.4,Primary
0.31,2700,108,4.7,125,24,0.9984,3.31,0.61,0.084,9.4,Primary
0.02,1300,51,4.7,44,18,0.9921,3.9,0.62,0.034,12.8,Secondary
0.02,2100,140,6.5,25,8,0.9972,3.47,0.67,0.066,9.5,Secondary
0.02,2100,98,6.5,25,8,0.9972,3.47,0.67,0.066,9.5,Secondary
0.28,3200,178.6,6.15,72,18,1.0001,3.31,0.53,0.087,9.7,Primary
0.55,2100,129.8,3.8,19,5,0.9986,3.11,0.62,0.071,10.8,Secondary
0.43,2900,106,10.2,88,26,0.9984,3.08,0.57,0.076,10.1,Secondary
0.02,2100,112,6.5,25,8,0.9972,3.47,0.67,0.066,9.5,Secondary
0.02,2100,84,6.4,23,9,0.997,3.47,0.67,0.067,9.4,Secondary
0.48,2600,90,3.8,84,22,0.9972,3.32,0.7,0.073,9.6,Primary
0.04,1600,109.2,7.65,14,4,0.998,3.29,0.54,0.078,9.7,Primary
0.15,6000,159.6,10.35,54,11,0.999,3.37,0.49,0.073,9.9,Primary
0.08,2000,133,7.8,19,10,0.9956,3.4,0.47,0.093,10,Primary
0.19,3000,125.8,4.9,37,16,0.9966,3.37,0.51,0.077,10.5,Primary
0.12,2500,140.4,5.45,35,11,0.996,3.34,0.61,0.068,11.6,Secondary
0.47,1600,194,3.1,33,13,0.9983,3.27,0.66,0.062,10,Secondary
0.43,2800,169.6,10.25,84,21,0.9985,3.06,0.57,0.08,10.1,Primary
0.34,3000,106.8,5.65,112,16,0.9998,3.38,0.61,0.093,9.5,Primary
0,3200,156.6,6.9,33,13,0.9992,3.36,0.45,0.084,9.4,Primary
0.36,2300,152,4.3,48,10,0.9976,3.34,0.46,0.075,9.4,Primary
0.28,2600,128.7,7.4,77,21,0.998,3.28,0.51,0.078,9.8,Primary
0.18,2700,129.6,4.9,34,13,0.9967,3.29,0.48,0.069,9.2,Secondary
0.36,2300,88,4.3,48,10,0.9976,3.34,0.46,0.075,9.4,Primary
0.11,2600,121.6,4.6,49,12,0.9968,3.21,0.57,0.079,10,Primary
0.04,2000,117.6,5.6,22,10,0.9976,3.22,0.44,0.082,9.6,Primary
0,3900,113.6,6.6,45,17,0.9976,3.46,0.54,0.086,9.5,Primary
0.04,2000,134.4,5.6,22,10,0.9976,3.22,0.44,0.082,9.6,Primary
0.24,2850,106.8,4.8,106,35,0.9982,3.1,0.53,0.094,9.2,Primary
0.08,2700,152,4.2,48,15,0.9968,3.21,0.59,0.084,10,Primary
0.3,2200,71,3.1,127,36,0.9965,2.94,1.62,0.053,9.5,Primary
0.1,3100,75,11.15,12,5,0.9958,3.54,0.6,0.086,11.2,Primary
0.17,3000,162,6.6,13,5,0.9976,3.29,0.55,0.077,10.4,Primary
0.09,2800,129.6,7.2,49,18,0.9994,3.43,0.72,0.084,11.1,Secondary
0.02,1800,89.6,5.7,11,4,0.997,3.46,0.68,0.067,9.5,Primary
0.02,1800,128,5.7,11,4,0.997,3.46,0.68,0.067,9.5,Primary
0.03,3200,115.2,8.65,58,27,0.995,3.61,0.49,0.071,12.7,Secondary
0.66,2300,171,5.5,37,12,0.9982,3.17,0.67,0.387,9.6,Primary
0.13,3450,142.4,8.75,14,4,0.9994,3.44,0.52,0.088,11.5,Primary
0.03,2100,124.1,8.35,19,10,0.9966,3.39,0.47,0.092,9.6,Primary
0.34,2700,77,4.5,72,16,0.998,3.55,0.6,0.082,9.5,Primary
0.2,2000,92.4,5.6,39,9,0.9987,3.48,0.62,0.075,9.3,Primary
0.1,2100,92.4,9.65,22,11,0.9963,3.26,0.5,0.112,9.5,Primary
0.1,2100,138.6,9.65,22,11,0.9963,3.26,0.5,0.112,9.5,Primary
0,2500,139.4,5.9,58,19,1.0002,3.5,0.65,0.093,9.3,Secondary
0.23,2800,171,4.6,104,28,0.9983,3.1,0.56,0.092,9.2,Primary
0,2400,162,6.9,38,19,0.999,3.35,0.6,0.088,9.3,Primary
0.29,4200,141.1,7.6,16,12,0.9965,3.45,0.68,0.075,11.5,Secondary
0.24,2600,165.6,5.3,139,28,0.99788,3.21,0.57,0.078,9.5,Primary
0,1900,97.5,6.15,18,9,0.9972,3.46,0.65,0.065,9.2,Primary
0.58,2800,174,4.1,101,25,1.00024,3.13,0.53,0.096,10,Primary
0.54,2700,222,3.9,101,21,1.0001,3.13,0.51,0.095,9.5,Primary
0.18,2100,146,5.1,28,12,0.99768,3.52,0.73,0.07,9.5,Secondary
0.38,2500,98.4,3.4,57,12,0.9978,3.3,0.47,0.08,9,Secondary
0.4,2600,103.2,3.3,68,16,0.99782,3.3,0.48,0.083,9.4,Primary
0.18,2100,122.4,5,31,12,0.99761,3.52,0.72,0.071,9.6,Secondary
0.18,2100,124.1,5.1,28,12,0.99768,3.52,0.73,0.07,9.5,Secondary
0.1,2900,91.3,6.5,40,17,0.99803,3.29,0.55,0.089,9.5,Primary
0.1,2900,166,6.5,40,17,0.99803,3.29,0.55,0.089,9.5,Primary
0.13,2500,136.8,5.4,66,24,0.99785,3.39,0.61,0.097,9.4,Primary
0.1,2900,141.1,6.5,40,17,0.99803,3.29,0.55,0.089,9.5,Primary
0.68,1700,101.4,4.8,32,14,0.99656,3.09,1.06,0.415,9.1,Secondary
0.07,1900,109.2,9.1,47,22,0.99525,3.51,0.43,0.058,10.7,Secondary
0.01,2000,69.3,9.8,33,15,0.99488,3.6,0.46,0.057,11.2,Secondary
0,2200,81,8.7,31,10,0.99656,3.25,0.5,0.084,9.8,Primary
0,2200,145.8,8.7,31,10,0.99656,3.25,0.5,0.084,9.8,Primary
0.21,2500,176,4.2,88,33,0.99823,3.19,0.52,0.092,9.2,Primary
0.25,2800,117,5.8,104,9,0.99779,3.23,0.57,0.075,9.7,Primary
0.26,2000,167.4,6.55,35,5,0.99738,3.25,0.42,0.096,9.6,Primary
0,1700,176,7,19,8,0.99701,3.31,0.53,0.069,10,Secondary
0.26,2000,139.5,6.55,35,5,0.99738,3.25,0.42,0.096,9.6,Primary
0.11,2800,145.6,6.8,44,11,0.99888,3.31,0.55,0.093,9.5,Secondary
0.1,3000,110.4,6.7,48,12,0.99888,3.31,0.54,0.091,9.5,Secondary
0.18,2900,158.4,5.9,74,12,0.99738,3.14,0.54,0.089,9.4,Primary
0.32,2700,112.5,6,98,13,0.99938,3.45,0.62,0.103,9.5,Primary
0.02,2300,92.3,5.9,94,24,0.99744,3.55,0.53,0.082,9.7,Secondary
0.01,1900,79,7.2,32,7,0.99668,3.39,0.54,0.076,9.6,Primary
0.02,2300,106.5,5.9,94,24,0.99744,3.55,0.53,0.082,9.7,Secondary
0.26,2400,122.2,6.85,143,23,0.9978,3.28,0.55,0.082,9.4,Primary
0.27,2300,133,5.7,144,23,0.99782,3.27,0.55,0.082,9.4,Primary
0.29,1800,150.1,4,44,1,0.9973,3.3,0.92,0.157,9.5,Secondary
0.3,1800,94.8,4,45,2,0.99727,3.31,0.91,0.157,9.5,Secondary
0,3000,122.4,10,16,7,0.99586,3.43,0.46,0.102,10,Primary
0.18,2400,124.2,7.65,48,5.5,0.99612,3.4,0.6,0.243,10.3,Secondary
0.17,2400,96.6,6.35,18,6,0.9961,3.4,0.59,0.241,10.3,Secondary
0.3,3400,116.2,4.3,34,7,0.99788,3.36,0.61,0.079,10.5,Primary
0.03,2600,134.9,5.2,92,21,0.99745,3.5,0.6,0.076,9.8,Primary
0,2000,84,5.7,45,12,0.99676,3.31,0.6,0.19,9.4,Secondary
0.14,2400,130,4.6,37,9,0.99732,3.66,0.65,0.114,9.8,Primary
0.05,2400,126,8.2,96,26,0.99814,3.36,0.53,0.081,10,Primary
0.14,2400,91,4.6,37,9,0.99732,3.66,0.65,0.114,9.8,Primary
0.01,2500,106.5,5.9,85,20,0.99746,3.55,0.59,0.077,9.8,Primary
0.41,2300,128.7,3.5,61,11,0.9982,3.21,0.5,0.083,9.5,Primary
0.41,2300,108.9,3.5,61,11,0.9982,3.21,0.5,0.083,9.5,Primary
0.24,2200,110,5.6,58,19,0.9991,3.18,0.56,0.079,10.1,Secondary
0.24,2200,110,5.6,58,19,0.9991,3.18,0.56,0.079,10.1,Secondary
0.17,2900,163.4,6.3,119,21,0.998,3.09,0.52,0.099,9.3,Primary
0.43,2600,74,3.7,82,18,0.99708,3.33,0.68,0.082,9.7,Secondary
0.17,2900,176,6.4,130,25,0.99818,3.23,0.54,0.084,9.6,Primary
0.02,2500,142,6.1,87,17,0.99745,3.48,0.6,0.081,9.7,Secondary
0,2600,84.7,6,13,7,0.99639,3.38,0.56,0.055,10.8,Primary
0.54,2300,121.2,2.7,26,7,0.99531,3.17,0.53,0.065,12.5,Secondary
0.3,2600,108,8.9,60,7,0.99786,2.99,1.18,0.132,10.2,Primary
0.31,2500,113.1,4.6,64,24,0.99746,3.1,0.74,0.126,9.6,Primary
0.44,1600,158.1,3.7,42,21,0.99526,3.24,0.81,0.038,10.8,Secondary
0.34,3600,131.6,5,14,5,0.9987,3.29,0.52,0.082,10.7,Secondary
0.34,3600,122.2,5,14,5,0.9987,3.29,0.52,0.082,10.7,Secondary
0.08,4000,136.8,6.1,108,26,0.99641,3.25,0.51,0.082,9.4,Primary
0.09,3300,163.4,5.5,17,8,0.99735,3.23,0.44,0.068,10,Primary
0,1700,61.2,5.85,86,14,0.99264,3.56,0.94,0.044,12.9,Secondary
0.08,2500,154,5.6,46,14,0.9971,3.24,0.66,0.114,9.6,Secondary
0.22,2700,100.8,5.2,18,4,0.99682,3.26,0.57,0.084,9.9,Secondary
0.4,2400,82,2.8,10,4,0.99356,3.33,0.7,0.052,12.8,Secondary
0.39,2000,109.2,2.5,10,4,0.99386,3.27,0.71,0.041,12.5,Secondary
0.4,2400,90.2,2.8,10,4,0.99356,3.33,0.7,0.052,12.8,Secondary
0.12,1900,111,5.3,12,4,0.99702,3.26,0.86,0.165,9.2,Primary
0.31,2800,152,4.8,15,4,0.99693,3.22,0.55,0.07,10.3,Secondary
0.1,2600,94.9,4.9,14,4,0.99562,3.3,0.47,0.068,10.5,Primary
0.55,2800,193.5,5,24,7,1.00012,3.09,0.68,0.072,10.9,Secondary
0.33,2500,151.2,4.5,38,20,0.99818,3.24,0.71,0.099,10.8,Primary
0.24,2100,110.4,3.9,7,4,0.99462,3.44,0.58,0.102,11.4,Primary
0.54,2800,126,4.1,41,19,0.99939,3.21,0.76,0.103,11.3,Secondary
0.33,2500,216,4.5,38,20,0.99818,3.24,0.71,0.099,10.8,Primary
0.19,3200,107.8,5.1,30,8,0.9984,3.23,0.58,0.081,10.5,Secondary
0.42,1600,129.6,2.9,27,19,0.99545,3.28,0.73,0.084,11.9,Secondary
0,2350,78.1,7.15,47,21,0.99632,3.29,0.45,0.071,9.4,Primary
0.15,3200,91,6.6,59,9,0.99976,3.28,0.54,0.097,9.6,Primary
0,1900,70,6.85,22,9,0.99606,3.34,0.6,0.099,9.7,Primary
0,2100,58.8,4.2,42,16,0.99154,3.71,0.74,0.048,14,Secondary
0.13,2000,134,5.4,36,15,0.9973,3.61,0.64,0.076,9.8,Primary
0.13,2000,113.9,5.4,36,15,0.9973,3.61,0.64,0.076,9.8,Primary
0.28,2800,127.8,4.8,16,6,0.99682,3.24,0.53,0.068,10.3,Primary
0.14,2800,113.6,4.6,37,15,0.99624,3.36,0.49,0.076,10.7,Primary
0.34,2300,75,2.7,8,4,0.9951,3.4,0.64,0.05,11,Secondary
0.14,2800,71,4.6,37,15,0.99624,3.36,0.49,0.076,10.7,Primary
0.09,2300,101.4,5.7,45,34,0.99417,3.46,0.74,0.065,12.7,Common
0.08,2100,70.8,6.1,24,16,0.99376,3.56,0.77,0.071,11.1,Secondary
0.07,2500,97.5,6.85,9,5,0.99632,3.38,0.55,0.058,10.9,Primary
0.08,2100,76.7,6.1,24,16,0.99376,3.56,0.77,0.071,11.1,Secondary
0.42,1500,145.6,4.4,48,34,0.99832,3.38,0.86,0.145,9.9,Common
0.44,1600,208.8,4.7,51,36,0.99836,3.38,0.86,0.147,9.9,Primary
0.26,1600,149.6,6.85,23,16,0.99694,3.32,0.47,0.088,9.4,Primary
0.1,1500,83.6,6.65,55,27,0.99655,3.39,0.51,0.066,9.3,Primary
0.28,2400,93.8,2.8,100,36,0.99064,3.26,0.39,0.012,11.7,Secondary
0.28,2400,93.8,2.8,100,36,0.99064,3.26,0.39,0.012,11.7,Secondary
0.35,1600,191.9,3.1,28,9,0.99672,3.24,0.83,0.075,11.2,Secondary
0.04,2200,60,5,26,13,0.99647,3.46,0.47,0.092,10,Primary
0.47,2650,166.5,4.2,34,9,0.99736,3.24,0.77,0.085,12.1,Secondary
0,3000,118.8,6.6,31,21,0.99629,3.45,0.63,0.115,10.3,Primary
0.45,2600,148.4,5,68,34,0.99708,3.23,0.72,0.119,10.9,Secondary
0.35,2000,92.3,6.85,92,9,0.9963,3.28,0.62,0.088,9.4,Primary
0.46,1700,138.6,2.5,42,26,0.9959,3.18,0.83,0.062,10.6,Secondary
0.21,1800,121.6,6.4,31,14,0.99689,3.59,0.66,0.081,9.8,Primary
0.21,1800,128,6.4,31,14,0.99689,3.59,0.66,0.081,9.8,Primary
0.16,1800,148,6.8,39,12,0.9977,3.5,0.7,0.078,9.9,Secondary
0.21,1800,115.2,6.4,31,14,0.99689,3.59,0.66,0.081,9.8,Primary
0.21,1600,83.2,6.3,32,12,0.99689,3.58,0.66,0.08,9.8,Primary
0.44,1900,148.8,4.3,22,9,0.99708,3.28,0.55,0.085,9.5,Primary
0.44,1900,120.9,4.3,22,9,0.99708,3.28,0.55,0.085,9.5,Primary
0.32,2500,112,4.2,122,26,0.99801,3.22,1.07,0.08,9.7,Primary
0.39,1500,130.2,3.6,55,41,0.99652,3.47,0.73,0.08,10.9,Secondary
0.39,1500,130.2,3.6,55,41,0.99652,3.47,0.73,0.08,10.9,Secondary
0.02,2500,76,7.35,14,10,0.99538,3.51,0.71,0.071,11.7,Secondary
0.39,1500,111.6,3.6,55,41,0.99652,3.47,0.73,0.08,10.9,Secondary
0.34,2500,164,2.6,47,16,0.99594,3.4,0.78,0.073,11.3,Secondary
0.47,1700,163.8,2.8,32,17,0.99686,3.15,0.67,0.054,10.6,Secondary
0.22,1800,74.8,5.6,24,15,0.99438,3.4,0.82,0.074,11.2,Secondary
0.06,2700,144,6.2,85,15,0.99746,3.51,0.54,0.077,9.5,Primary
0.66,2000,63.8,10.1,88,15,0.99357,3.66,0.6,0.039,11.5,Secondary
0.32,2700,150,4.2,25,7,0.99628,3.24,0.44,0.067,10.4,Primary
0.06,2500,86.4,6.2,84,17,0.99746,3.51,0.53,0.078,9.7,Primary
0.06,2700,115.2,6.2,85,15,0.99746,3.51,0.54,0.077,9.5,Primary
0.07,2600,122.4,6.35,86,16,0.99748,3.51,0.54,0.077,9.7,Primary
0.22,2300,108.8,4.9,24,13,0.99438,3.41,0.83,0.071,11.3,Secondary
0.23,2000,96.6,5.1,22,13,0.99438,3.4,0.84,0.072,11.2,Secondary
0.22,1800,95.2,5.6,24,15,0.99438,3.4,0.82,0.074,11.2,Secondary
0.03,2000,91.2,6.3,43,27,0.99578,3.44,0.64,0.08,10.9,Secondary
0.01,2100,92.4,7.15,43,31,0.99371,3.41,0.57,0.064,11.8,Secondary
0.03,1500,117.3,5.6,46,36,0.99522,3.53,0.57,0.086,10.6,Primary
0.24,2000,116.8,3.5,48,28,0.99576,3.43,0.54,0.067,10,Primary
0.37,1600,172.9,2.1,10,6,0.99552,3.23,0.58,0.067,11.1,Secondary
0.46,2100,176.8,3.8,10,6,0.99664,3.12,0.65,0.104,11.8,Secondary
0.4,2800,158.4,3.1,16,7,0.99614,3.31,0.79,0.109,11.8,Secondary
0,2200,106.5,4.7,14,7,0.99517,3.4,0.58,0.067,10.9,Primary
0.01,2100,115.5,7.15,43,31,0.99371,3.41,0.57,0.064,11.8,Secondary
0.19,4000,167.2,6.1,69,30,0.99787,3.22,0.5,0.094,10,Secondary
0.04,2500,115.2,6,88,18,0.99745,3.53,0.55,0.076,9.5,Primary
0.18,1600,138,5.6,21,10,0.99576,3.15,0.49,0.078,9.9,Primary
0,2100,121.6,7.15,35,30,0.99533,3.48,0.65,0.068,11.4,Secondary
0.29,3100,109.2,3.1,26,14,0.99536,3.22,0.78,0.194,12,Secondary
0.04,2500,108,6,88,18,0.99745,3.53,0.55,0.076,9.5,Primary
0.19,4000,158.4,6.1,69,30,0.99787,3.22,0.5,0.094,10,Secondary
0.14,2500,89,7.5,30,9,0.99824,3.34,0.64,0.086,10.5,Primary
0.12,2400,180,8,28,8,0.99836,3.33,0.65,0.083,10.4,Secondary
0.38,2600,117.7,5.2,56,29,0.99577,3.15,0.79,0.066,12.1,Secondary
0,2500,74.8,5.7,64,32,0.99491,3.43,0.56,0.072,11.2,Secondary
0.34,6600,139.1,9,99,23,1.00289,3.22,0.68,0.112,9.3,Primary
0.24,2000,144,3.4,52,30,0.99576,3.44,0.58,0.071,10.1,Primary
0.03,2300,93.6,6.6,86,16,0.99743,3.53,0.57,0.078,9.7,Primary
0.23,1900,111.1,4.5,18,10,0.99774,3.22,0.65,0.082,9.3,Secondary
0.03,2300,144,6.6,86,16,0.99743,3.53,0.57,0.078,9.7,Primary
0.03,2200,79.2,6.3,88,17,0.99745,3.53,0.58,0.08,9.8,Secondary
0.01,2300,85.2,5.9,43,27,0.9955,3.42,0.58,0.08,10.7,Secondary
0.39,2400,149.4,3.1,43,17,0.99444,3.31,0.77,0.078,12.5,Secondary
0.01,2300,106.5,5.9,43,27,0.9955,3.42,0.58,0.08,10.7,Secondary
0.39,2400,124.5,3.1,43,17,0.99444,3.31,0.77,0.078,12.5,Secondary
0.02,3400,124.5,10.2,11,6,0.99892,3.48,0.49,0.084,11,Common
0.36,2600,160.2,3.1,39,10,0.99562,3.4,0.69,0.056,11.8,Primary
0.1,2400,148,6.35,33,16,0.99736,3.58,0.69,0.08,10.8,Secondary
0.1,2400,103.6,6.35,33,16,0.99736,3.58,0.69,0.08,10.8,Secondary
0.06,6000,81.6,5.9,18,11,0.9962,3.41,0.59,0.06,10.8,Secondary
0.06,6000,81.6,5.9,18,11,0.9962,3.41,0.59,0.06,10.8,Secondary
0.2,3000,119.6,5.8,115,15,0.998,3.23,0.59,0.081,9.5,Primary
0.27,2600,93.6,5.4,78,12,0.9964,3.39,0.71,0.084,11,Primary
0,2200,122,5.6,9,6,0.9948,3.59,0.54,0.079,11.5,Secondary
0.13,2400,103.6,5.2,61,34,0.99528,3.43,0.59,0.078,10.8,Secondary
0.39,1200,87.6,3.05,11,7,0.99331,3.29,0.52,0.059,11.5,Secondary
0.48,3800,93,3.8,11,3,0.99577,3.23,0.57,0.132,13.2,Secondary
0.46,9000,136.5,2.8,9,3,0.99901,3.18,0.6,0.114,10.9,Secondary
0.44,2900,190,4.6,8,4,0.99674,3.33,0.62,0.065,12.2,Secondary
0.46,4600,103.4,3.95,10,3,0.99639,3.27,0.64,0.094,12.2,Secondary
0.39,1200,146,3.05,11,7,0.99331,3.29,0.52,0.059,11.5,Secondary
0.4,2200,146.2,3.15,6,3,0.99512,3.27,0.67,0.079,11.9,Secondary
0.19,1500,68.9,7.15,62,7,0.99395,3.62,0.61,0.161,11,Primary
0.31,8800,68,4.1,45,26,0.99824,3.38,0.64,0.084,10.1,Secondary
0.32,2200,151.2,3.6,79,32,0.9964,3.3,0.72,0.081,11,Secondary
0.12,1800,134.4,6.2,46,38,0.99504,3.38,0.89,0.072,11.8,Secondary
0.37,2300,115.2,4.1,23,10,0.99786,3.24,0.56,0.091,10.5,Primary
0.32,2200,151.2,3.6,79,32,0.9964,3.3,0.72,0.081,11,Secondary
0.12,1800,100.8,6.2,46,38,0.99504,3.38,0.89,0.072,11.8,Secondary
0.31,8800,122.4,4.1,45,26,0.99824,3.38,0.64,0.084,10.1,Secondary
0.27,2300,137.6,4.7,28,14,0.99516,3.18,0.8,0.055,11.2,Primary
0.36,1900,137.6,2.2,77,53,0.99604,3.47,0.87,0.064,11,Secondary
0.33,2300,94,2.4,73,52,0.99786,3.47,0.9,0.061,10.2,Secondary
0.19,2200,134.4,6.7,75,11,0.99736,3.2,0.59,0.093,9.2,Primary
0.27,2300,129,4.7,28,14,0.99516,3.18,0.8,0.055,11.2,Primary
0.38,3300,113.1,3.3,19,10,0.99468,3.3,0.73,0.063,12,Secondary
0.01,1900,112.2,6.1,25,8,0.99746,3.69,0.73,0.08,10.5,Primary
0.01,2000,148,6.1,38,13,0.99748,3.48,0.65,0.074,9.8,Primary
0.29,1900,144.4,4,66,29,0.9971,3.45,0.59,0.078,9.5,Secondary
0.01,2000,140.6,6.1,38,13,0.99748,3.48,0.65,0.074,9.8,Primary
0.01,1900,132,6.1,25,8,0.99746,3.69,0.73,0.08,10.5,Primary
0.38,2300,105.6,3,72,19,0.99543,3.39,0.72,0.06,11.8,Secondary
0.38,2300,132,3,72,19,0.99543,3.39,0.72,0.06,11.8,Secondary
0.5,1400,216,6.3,26,6,0.99791,3.07,0.6,0.071,10.4,Primary
0.38,2800,108,3.8,42,23,0.99356,3.34,0.72,0.068,12.9,Secondary
0.17,1600,124,4.6,11,7,0.99425,3.61,0.54,0.073,11.4,Primary
0.52,2200,182.4,3.3,25,13,0.99509,3.36,0.76,0.074,12.4,Secondary
0.49,5000,138.6,2.7,17,9,0.99484,3.19,0.52,0.082,12.5,Secondary
0.4,2600,131.3,4.3,52,13,0.99834,3.22,0.64,0.092,10,Secondary
0.34,2300,127.4,5,45,10,0.99864,3.24,0.6,0.094,9.7,Secondary
0.49,3800,83,3,24,11,0.99498,3.27,0.64,0.09,12.1,Secondary
0.42,2000,173.4,4.4,20,7,0.99566,3.14,0.79,0.071,11.1,Secondary
0.58,4100,173.4,4.4,24,11,0.99745,3.29,0.99,0.092,12,Secondary
0.48,2100,149.4,2.8,12,6,0.99408,3.26,0.62,0.093,12.4,Secondary
0.45,1800,106.8,1.2,21,10,0.99552,3.41,0.76,0.075,11.9,Secondary
0.45,1800,97.9,1.2,21,10,0.99552,3.41,0.76,0.075,11.9,Secondary
0.45,1800,169.1,1.2,21,10,0.99552,3.41,0.76,0.075,11.9,Secondary
0.48,2100,107.9,2.8,12,6,0.99408,3.26,0.62,0.093,12.4,Secondary
0.4,2200,155.8,3.1,10,6,0.99536,3.31,0.68,0.058,11.2,Secondary
0.48,2100,142.8,3.4,9,5,0.99458,3.2,0.69,0.052,12.1,Secondary
0.4,2700,129.2,4.3,11,6,0.99538,3.44,0.54,0.082,12.2,Secondary
0.52,1900,153,2.1,23,9,0.99648,3.36,0.67,0.09,10.4,Primary
0.52,2100,144,3.6,10,5,0.99568,3.31,0.62,0.111,11.3,Secondary
0.52,2000,104.5,3.7,51,12,0.99613,3.29,0.58,0.088,11.1,Secondary
0.12,2300,89.6,5.7,36,25,0.99519,3.47,0.71,0.12,11.3,Secondary
0.05,2000,112,5.9,32,12,0.99735,3.36,0.61,0.089,10,Primary
0.27,1900,170,4.7,38,18,0.99518,3.16,0.85,0.058,11.1,Secondary
0.14,1600,142,5.6,18,7,0.99592,3.27,0.62,0.078,9.3,Primary
0.02,2100,125.4,5.7,16,6,0.99654,3.38,0.69,0.115,9.5,Primary
0.39,2000,123.2,2.7,27,20,0.99546,3.15,0.69,0.1,11.2,Secondary
0.27,1900,161.5,4.7,38,18,0.99518,3.16,0.85,0.058,11.1,Secondary
0.4,2400,157.7,3.4,48,24,0.99554,3.34,0.86,0.065,11,Secondary
0.41,2400,171,3.8,10,6,0.99604,3.13,0.58,0.103,11.9,Secondary
0.2,2100,136,6.6,113,23,0.99733,3.13,0.48,0.097,9.2,Primary
0.43,2400,162,4,46,29,0.9943,3.2,0.6,0.068,12.2,Secondary
0.09,2900,67,5.6,22,7,0.99669,3.46,0.61,0.079,10.2,Primary
0.48,1900,124.8,2.6,10,6,0.99724,3.33,0.87,0.066,10.9,Secondary
0.48,1900,187.2,2.6,10,6,0.99724,3.33,0.87,0.066,10.9,Secondary
0.5,2400,161.6,3.8,13,6,0.99643,3.22,0.65,0.104,11.6,Secondary
0.44,1700,153,3.4,12,6,0.99605,3.52,0.63,0.079,10.7,Primary
0.41,5900,158.4,3.3,13,7,0.99658,3.3,0.62,0.073,12.1,Secondary
0.3,2100,93.6,4.1,72,35,0.997,3.44,0.52,0.083,9.4,Primary
0.3,2100,136.8,4.1,72,35,0.997,3.44,0.52,0.083,9.4,Primary
0.29,2600,117.6,5.9,119,31,0.99801,3.15,0.5,0.109,9.1,Primary
0.32,3600,77,4,29,9,0.99416,3.28,0.49,0.061,11.3,Secondary
0.49,1400,158.6,4.5,6,3,0.9969,3.13,0.63,0.075,10.4,Primary
0.3,1900,109.2,5,17,8,0.99774,3.32,0.71,0.065,10.5,Secondary
0.26,1900,104.5,8.6,28,13,0.99712,3.25,0.62,0.079,10,Primary
0.32,2100,87.6,5.2,70,51,0.99418,3.34,0.82,0.07,12.9,Secondary
0.3,1900,163.8,5,17,8,0.99774,3.32,0.71,0.065,10.5,Secondary
0.49,1400,146.4,4.5,6,3,0.9969,3.13,0.63,0.075,10.4,Primary
0,2000,125.8,5.8,11,7,0.99562,3.45,0.58,0.064,11.3,Secondary
0.39,1400,166.6,3.4,7,3,0.9947,3.19,0.55,0.066,11.4,Secondary
0.3,1600,127.8,3.6,70,35,0.99693,3.44,0.5,0.08,9.4,Primary
0.12,1700,123.2,3.9,27,19,0.99596,3.16,0.49,0.097,9.4,Primary
0.4,1500,126.1,2.95,21,14,0.99556,3.14,0.51,0.073,10.9,Secondary
0.12,1700,77,3.9,27,19,0.99596,3.16,0.49,0.097,9.4,Primary
0.28,2000,85.2,3.4,68,31,0.99694,3.45,0.48,0.082,9.4,Primary
0.1,2000,97.5,4,47,30,0.99554,3.36,0.48,0.076,9.4,Secondary
0.28,2000,78.1,3.4,68,31,0.99694,3.45,0.48,0.082,9.4,Primary
0.45,2500,120,3.5,88,20,0.99918,3.15,0.43,0.092,9.4,Primary
0.06,2000,154,6,41,19,0.99697,3.39,0.62,0.079,10.1,Secondary
0,2200,67.2,6.6,11,3,0.99378,3.71,0.63,0.087,12.8,Secondary
0,2200,89.6,6.6,11,3,0.99378,3.71,0.63,0.087,12.8,Secondary
0.34,1400,133.5,8.4,10,4,0.99554,3.12,0.48,0.05,9.1,Secondary
0,1650,64,6.9,12,7,0.99162,3.47,0.53,0.055,12.9,Secondary
0.3,2200,142.5,4.3,12,6,0.99495,3.44,0.72,0.062,11.5,Secondary
0.38,1500,198,3.5,47,31,0.99676,3.26,0.82,0.058,10.6,Secondary
0.33,2050,127.4,2.9,27,13,0.99516,3.26,0.84,0.063,11.7,Secondary
0.32,1800,136,3.6,8,4,0.9928,3.36,0.55,0.067,12.8,Secondary
0.29,1600,164,4.3,45,27,0.99603,3.25,0.54,0.081,10.3,Primary
0.32,1800,95.2,3.6,8,4,0.9928,3.36,0.55,0.067,12.8,Secondary
0.33,2050,145.6,2.9,27,13,0.99516,3.26,0.84,0.063,11.7,Secondary
0.34,2000,109.2,3,25,12,0.99516,3.26,0.84,0.064,11.7,Secondary
0.4,3600,160.2,3.5,24,12,0.99549,3.23,0.7,0.11,12,Secondary
0.36,2800,124.8,5,55,26,0.99722,3.18,0.68,0.116,10.9,Primary
0.45,1700,142.4,2.8,12,7,0.99354,3.25,0.55,0.067,12.3,Secondary
0.31,2000,124.6,3.2,19,12,0.9957,3.17,0.55,0.088,10.4,Secondary
0.15,2100,130.9,10.05,32,11,0.99604,3.23,0.48,0.102,10,Primary
0,1600,150,7.1,31,22,0.99635,3.38,0.58,0.092,10,Secondary
0.16,2000,80,5.8,7,3,0.99454,3.22,0.58,0.12,11.2,Secondary
0.46,2200,210,3.9,27,14,0.99598,3.06,0.84,0.075,11.4,Secondary
0.4,2200,115.7,3.8,28,12,0.99486,3.27,0.75,0.068,12.6,Secondary
0.37,900,88,1.8,109,36,0.99007,2.89,0.44,0.049,12.7,Secondary
0.37,900,160,1.8,109,36,0.99007,2.89,0.44,0.049,12.7,Secondary
0.14,1800,133,5,23,10,0.99636,3.53,0.61,0.078,10.4,Primary
0.66,2400,113,3.6,8,3,0.99642,3.2,0.53,0.123,11.9,Secondary
0.66,2400,158.2,3.6,8,3,0.99642,3.2,0.53,0.123,11.9,Secondary
0.09,2100,70,5.1,9,4,0.99584,3.35,0.54,0.062,10.5,Primary
0.42,2300,82,3.2,9,3,0.99506,3.27,0.55,0.098,12.3,Secondary
0.01,1800,123.2,5.8,18,12,0.99568,3.32,0.56,0.088,10.5,Secondary
0,2800,120.4,8.3,43,17,0.99822,3.33,0.6,0.095,10.4,Secondary
0.32,1900,94.8,3.1,36,14,0.99364,3.41,0.56,0.066,12.6,Secondary
0,2200,121.6,7.95,52,28,0.99378,3.49,0.52,0.065,11.6,Primary
0.21,2500,72,3.4,68,41,0.99586,3.37,0.54,0.075,10.1,Secondary
0.01,1800,123.2,5.8,18,12,0.99568,3.32,0.56,0.088,10.5,Secondary
0,2100,134.9,5.9,14,9,0.99488,3.42,0.55,0.091,11.5,Secondary
0.01,1800,73,5.5,15,9,0.99514,3.35,0.58,0.093,11,Secondary
0,4100,89.1,8.2,14,5,0.99854,3.36,0.53,0.095,9.6,Primary
0.08,2600,105,5.7,27,14,0.99592,3.3,0.59,0.089,10.4,Secondary
0.18,2500,151.3,7.45,48,15,0.99739,3.2,0.47,0.077,9.7,Secondary
0.34,2400,202,3.7,17,5,0.99683,3.17,0.65,0.085,10.6,Secondary
0.34,2500,121.6,3.1,35,26,0.99356,3.22,0.59,0.082,12.5,Secondary
0.1,1800,138.7,9.1,56,20,0.99672,3.35,0.56,0.074,9.2,Primary
0.41,6200,104.4,4.1,42,25,0.9953,3.24,0.77,0.078,12.6,Secondary
0.21,2200,169.1,5,39,21,0.99692,3.33,0.83,0.088,11.1,Secondary
0,2200,96.2,9.65,32,16,0.99756,3.58,0.67,0.088,10.2,Primary
0.19,1700,103.5,4.9,26,13,0.99547,3.38,0.64,0.079,9.8,Secondary
0.21,2200,160.2,5,39,21,0.99692,3.33,0.83,0.088,11.1,Secondary
0.41,8900,190,3.9,39,18,0.99859,3.29,0.81,0.069,10.9,Secondary
0.33,3300,102.4,3.9,53,12,0.99294,3.36,0.62,0.046,12.2,Secondary
0,1400,138,4.4,38,32,0.99438,3.32,0.58,0.07,11.4,Secondary
0,1700,91.2,7.8,45,33,0.99612,3.31,0.62,0.076,10.7,Secondary
0.17,1800,99.4,4.3,51,27,0.99634,3.49,0.64,0.082,10.4,Primary
0.36,1700,139.5,4.9,14,3,0.99702,3.27,0.78,0.081,10.9,Secondary
0.36,1800,176.7,5,17,6,0.99704,3.27,0.77,0.084,10.8,Secondary
0.17,1800,134.9,4.3,51,27,0.99634,3.49,0.64,0.082,10.4,Primary
0.59,1400,170,4.6,45,16,0.99702,3.03,1.34,0.414,9.2,Primary
0.05,2400,56,6.05,25,19,0.99258,3.56,0.55,0.073,12.9,Primary
0.42,2300,83,3.3,20,9,0.99426,3.38,0.77,0.07,12.7,Secondary
0.27,2000,139.4,6.4,77,5,0.99747,3.13,0.62,0.095,9.1,Secondary
0.27,2000,164,6.4,77,5,0.99747,3.13,0.62,0.095,9.1,Secondary
0.53,4000,160.2,4.8,10,3,0.99586,3.21,0.59,0.101,12.1,Secondary
0.25,3900,152,4.2,90,28,0.99784,3.15,0.57,0.104,9.1,Primary
0.57,2400,138.6,5.3,52,30,0.9971,3.19,0.76,0.093,11.6,Secondary
0.53,4000,89,4.8,10,3,0.99586,3.21,0.59,0.101,12.1,Secondary
0.57,1800,197.2,2.3,8,3,0.9981,3.14,0.7,0.074,9.9,Secondary
0.5,1800,136.5,4,16,7,0.99462,3.21,0.69,0.071,12.5,Common
0.44,1900,104,3.8,15,6,0.9956,3.3,0.64,0.098,11.4,Secondary
0.65,2400,163.2,2.9,17,6,0.99565,3.22,0.63,0.075,11.8,Secondary
0.09,2000,139.4,7.4,10,5,0.99418,3.28,0.57,0.067,11.8,Secondary
0.18,2400,138.6,6.1,20,6,0.9963,3.29,0.6,0.083,10.2,Secondary
0.08,2400,118.8,5.2,26,13,0.99358,3.4,0.72,0.07,12.5,Secondary
0.53,2200,222,3.1,10,3,0.99572,3.02,0.83,0.06,10.9,Secondary
0.53,2200,222,3.1,10,3,0.99572,3.02,0.83,0.06,10.9,Secondary
0.35,2800,144,6.2,52,28,0.997,3.31,0.62,0.086,10.8,Primary
0.45,1500,139.5,3.3,37,19,0.99498,3.18,0.89,0.057,11.1,Secondary
0.2,8100,105,7.7,92,30,0.99892,3.2,0.58,0.098,9.2,Primary
0.26,1800,93.6,3.5,75,33,0.9968,3.4,0.58,0.083,9.5,Secondary
0.33,2700,104,6.2,37,16,0.9972,3.31,0.58,0.088,10.7,Secondary
0.2,8100,90,7.7,92,30,0.99892,3.2,0.58,0.098,9.2,Primary
0.34,2000,163.8,2.5,67,45,0.99769,3.44,0.86,0.071,10.2,Secondary
0.56,2000,108.9,3.2,8,3,0.99534,3.15,0.73,0.073,11.4,Secondary
0.65,6400,172,3.7,8,3,0.99817,3.27,0.58,0.08,11,Primary
0.65,6400,172,3.7,8,3,0.99817,3.27,0.58,0.08,11,Primary
0.68,8300,150.1,3,278,37.5,0.99316,3.01,0.51,0.05,12.3,Secondary
0.56,1400,175.1,2.7,8,3,0.99471,3.16,0.51,0.047,11.8,Secondary
0.68,8300,118.5,3,289,37.5,0.99316,3.01,0.51,0.05,12.3,Secondary
0.3,1800,129.6,3.8,70,31,0.99685,3.42,0.59,0.073,9.5,Secondary
0.45,2400,113.1,4.2,59,32,0.99617,3.33,0.77,0.072,12,Secondary
0.3,1800,93.6,3.8,70,31,0.99685,3.42,0.59,0.073,9.5,Secondary
0.08,1800,115.6,4.8,64,40,0.99529,3.12,0.49,0.074,9.6,Primary
0.4,4700,85,3.4,9,3,0.99738,3.38,0.66,0.055,11.6,Secondary
0.42,1600,94.8,1.9,30,18,0.994,3.29,0.69,0.057,11.2,Secondary
0.54,1500,162.4,4.1,41,22,0.99735,3.02,0.76,0.095,9.9,Secondary
0.54,1500,174,4.1,41,22,0.99735,3.02,0.76,0.095,9.9,Secondary
0.54,1900,140,2.6,74,42,0.99451,2.98,0.63,0.083,11.8,Common
0.42,2000,126.4,3.4,19,8,0.99546,3.35,0.6,0.086,11.4,Secondary
0.09,2000,119,5.4,16,10,0.99479,3.43,0.59,0.081,11.5,Secondary
0.36,2200,138,3.1,31,11,0.99615,3.33,0.86,0.079,12,Secondary
0.09,5500,99,7.25,17,9,0.99655,3.35,0.49,0.117,10.8,Secondary
0.47,2500,150.4,4,20,6,0.99772,3.15,0.5,0.087,10.5,Primary
0.09,5500,85.8,7.25,17,9,0.99655,3.35,0.49,0.117,10.8,Secondary
0.38,1500,163.4,5.2,18,5,0.99666,3.2,0.52,0.096,9.4,Primary
0.45,2100,120,3.1,16,5,0.99358,3.15,0.81,0.216,12.5,Secondary
0.38,1500,172,5.2,18,5,0.99666,3.2,0.52,0.096,9.4,Primary
0.42,2100,151.2,3.4,36,23,0.99392,3.11,0.78,0.072,12.4,Secondary
0.27,2100,125.8,4.9,25,14,0.99388,3.35,0.63,0.071,12,Secondary
0.09,1700,73.2,4.8,30,18,0.99402,3.45,0.54,0.078,11.2,Secondary
0.27,2100,81.4,4.9,25,14,0.99388,3.35,0.63,0.071,12,Secondary
0.34,2200,160,4.8,25,16,0.9936,3.28,0.66,0.073,12.4,Secondary
0.28,2100,69.3,5.7,49,13,0.99374,3.41,0.6,0.048,12.8,Primary
0.42,1900,82,2.3,17,9,0.99376,3.21,0.54,0.069,12.3,Secondary
0.41,2000,118.3,3,24,10,0.99523,3.27,0.85,0.068,11.7,Secondary
0.1,3300,137.7,7.8,13,4,0.99855,3.36,0.49,0.09,9.5,Primary
0.43,2100,194.4,4.7,66,27,0.9982,3.17,0.76,0.171,10.8,Secondary
0,1400,141.1,5.3,14,6,0.99593,3.25,0.64,0.07,10,Secondary
0.27,2000,86.4,4.2,55,23,0.99471,3.78,0.64,0.092,12.3,Secondary
0.41,1500,110.6,3.3,35,6,0.99396,3.29,0.71,0.056,11,Secondary
0.39,1600,178,2.4,10,3,0.99698,3.12,0.59,0.074,9.5,Secondary
0.5,4300,50,4,80,29,0.9902,3.49,0.66,0.046,13.6,Secondary
0.07,2500,126,6.9,21,15,0.99572,3.38,0.6,0.091,11.3,Secondary
0.07,2500,105,6.9,21,15,0.99572,3.38,0.6,0.091,11.3,Secondary
0.07,2500,133,6.9,21,15,0.99572,3.38,0.6,0.091,11.3,Secondary
0.12,2100,127.8,3.9,24,14,0.99252,3.3,0.53,0.065,13.3,Secondary
0,2500,112,6.6,15,7,0.99256,3.52,0.58,0.066,12.9,Primary
0.34,2500,110.6,5.4,17,8,0.99235,3.2,0.72,0.076,13.1,Common
0,1800,92.4,5,28,21,0.99352,3.44,0.55,0.062,12.3,Secondary
0,1400,88.2,4.7,33,27,0.9922,3.45,0.48,0.055,12.3,Secondary
0.37,1900,160.5,4,29,17,0.99674,3.12,0.65,0.081,11.2,Secondary
0,2200,91,5.8,13,3,0.99557,3.62,0.62,0.096,11.5,Primary
0.35,1700,140.8,2.4,27,13,0.99394,3.14,0.59,0.055,11.3,Secondary
0.26,1700,81.2,2.9,11,3,0.9915,3.39,0.54,0.063,13.5,Secondary
0,2900,113.4,7.6,52,26,0.99379,3.51,0.6,0.072,11.5,Secondary
0.33,2700,180,4.3,89,28,0.9984,3.22,0.68,0.095,10,Primary
0.35,3300,157.5,4.3,70,24,0.99798,3.21,0.69,0.092,10.5,Secondary
0,1900,182,6,10,5,0.9977,3.18,0.63,0.058,10.4,Secondary
0.21,1700,70.8,1.9,135,57,0.99341,3.32,0.44,0.045,9.5,Primary
0.34,1800,96.2,3.6,38,18,0.9933,3.38,0.88,0.075,13.6,Secondary
0.07,5500,72,4.8,18,10,0.99684,3.37,0.68,0.089,11.2,Secondary
0.35,1700,119,2.8,15,6,0.99524,3.3,0.74,0.061,11.8,Secondary
0.43,1700,128,2.5,50,22,0.9946,3.38,0.6,0.067,11.9,Secondary
0.45,2000,114.4,5.2,13,6,0.99774,3.22,0.76,0.08,11.4,Secondary
0.45,2000,104,5.2,13,6,0.99774,3.22,0.76,0.08,11.4,Secondary
0.15,3700,82.5,4.1,94,29,0.99786,3.14,0.58,0.104,9.1,Primary
0.24,2000,114.8,5.1,86,16,0.99764,3.34,0.64,0.079,9.5,Secondary
0.3,1700,87.6,4,79,33,0.9969,3.41,0.65,0.08,9.5,Secondary
0.32,2500,131.2,3.8,71,24,0.99624,3.27,0.85,0.08,11,Secondary
0.11,2400,110.4,4.5,12,6,0.99354,3.3,0.65,0.043,11.4,Secondary
0.3,1800,119,2.2,20,16,0.99672,3.61,0.82,0.065,10,Secondary
0.23,2300,124.1,3.2,70,35,0.99588,3.43,0.62,0.066,10.1,Primary
0.43,2500,90.2,2,51,31,0.99672,3.53,0.81,0.076,10.4,Secondary
0.12,1800,109.2,5,21,6,0.996,3.28,0.87,0.178,9.8,Secondary
0.45,6200,190,4.1,14,6,0.99702,3.21,0.49,0.071,11.8,Secondary
0.42,2000,156,3.9,21,9,0.99526,3.39,0.66,0.086,11.6,Secondary
0.47,2000,160,3.5,11,6,0.99585,3.23,0.52,0.061,12,Secondary
0.32,2800,164,3.3,12,4,0.99473,3.3,0.76,0.067,12.8,Secondary
0.23,2500,73.2,5.8,70,16,0.99352,3.46,0.65,0.044,12.5,Secondary
0.25,2200,116.2,6,38,9,0.99616,3.15,0.53,0.118,9.8,Primary
0.35,2100,153.6,4.2,38,17,0.99622,3.23,0.66,0.083,11.1,Secondary
0,2200,132,5.8,63,50,0.99544,3.59,0.68,0.1,11.4,Secondary
0.25,2200,124.5,6,38,9,0.99616,3.15,0.53,0.118,9.8,Primary
0.51,1750,161.5,1.8,88,45,0.99524,3.33,0.76,0.071,11.8,Secondary
0.18,2100,56.1,5.1,101,16,0.9924,3.46,0.87,0.042,12.9,Secondary
0.43,2800,80.4,4.1,54,22,0.99572,3.42,1.16,0.076,10.6,Secondary
0.43,2200,153,4.1,37,11,0.99728,3.16,0.67,0.11,10.8,Primary
0.57,2300,169.6,3.6,20,6,0.99676,3.14,0.72,0.087,11.1,Secondary
0.43,1400,96.8,4.5,21,12,0.99551,3.21,0.75,0.076,10.2,Secondary
0.42,2300,119,3.2,19,12,0.99434,3.14,0.71,0.075,11.8,Secondary
0.24,1700,144,7.85,21,10,0.99692,3.29,0.67,0.078,10,Primary
0.24,1700,162,7.85,21,10,0.99692,3.29,0.67,0.078,10,Primary
0.5,1900,170,4.4,38,15,0.99634,3.01,1.1,0.369,9.4,Primary
0.26,2000,118.8,5.4,60,7,0.99709,2.94,0.98,0.111,10.2,Primary
0.39,2500,90.2,3.3,48,29,0.99528,3.32,0.88,0.074,12.4,Secondary
0.27,2800,110.5,3.4,44,8,0.99384,3.21,0.56,0.067,12,Secondary
0.29,2300,129.2,5,14,5,0.99502,3.32,0.62,0.086,11.5,Secondary
0.34,1600,92,3.6,12,5,0.99667,3.2,0.67,0.062,10.5,Secondary
0,2200,142,5.9,44,26,0.99522,3.42,0.68,0.078,10.8,Secondary
0.46,2100,174.6,4.2,16,5,0.99649,3.27,0.74,0.074,12.3,Secondary
0.31,1700,98.8,3.6,65,26,0.99716,3.46,0.62,0.079,9.5,Secondary
0.31,1700,136.8,3.6,65,26,0.99716,3.46,0.62,0.079,9.5,Secondary
0,2200,97.5,6.1,59,48,0.99541,3.61,0.7,0.095,11.5,Secondary
0.03,5600,78,8.8,47,23,0.99572,3.58,0.5,0.079,11.2,Primary
0,2400,78.1,6.6,11,6,0.99318,3.35,0.66,0.052,12.7,Secondary
0,2100,106.4,9.15,78,17,0.99346,3.68,0.73,0.041,11.4,Primary
0.33,2400,98.4,3.5,47,11,0.99599,3.27,0.81,0.076,11,Secondary
0.33,2400,155.8,3.5,47,11,0.99599,3.27,0.81,0.076,11,Secondary
0.43,1650,137.2,3.9,11,5,0.99478,3.19,0.46,0.068,11.4,Primary
0.4,2500,132.6,4,54,41,0.99754,3.38,0.86,0.068,10.5,Secondary
0.07,1600,81.6,6.6,61,16,0.99572,3.29,0.6,0.07,9.3,Primary
0.23,2100,73.7,6.4,119,11,0.99538,3.36,0.7,0.08,10.9,Primary
0.3,2000,98,4.3,39,6,0.99346,3.33,0.46,0.085,11.9,Secondary
0.03,7800,112.2,8,12,6,0.9963,3.52,0.5,0.079,12.2,Primary
0.3,2000,133,4.3,39,6,0.99346,3.33,0.46,0.085,11.9,Secondary
0.23,2100,113.9,6.4,119,11,0.99538,3.36,0.7,0.08,10.9,Primary
0.05,1800,176,9.55,19,5,0.99616,3.3,0.44,0.075,9.6,Primary
0.57,4600,182,4,20,6,0.99652,3.28,0.57,0.08,12.5,Secondary
0,2300,84.5,8.85,12,6,0.99551,3.56,0.51,0.166,10.8,Primary
0.37,2500,144,2.5,41,11,0.99439,3.52,0.8,0.063,12.4,Secondary
0,2300,128,8.85,12,6,0.99551,3.56,0.51,0.166,10.8,Primary
0.12,1800,105,7.45,64,15,0.99588,3.22,0.59,0.114,9.5,Secondary
0.22,1800,62,4.3,56,21,0.99633,3.52,0.6,0.078,9.5,Secondary
0.23,2300,94.8,5.8,94,23,0.99686,3.21,0.58,0.076,9.5,Secondary
0.21,1500,146.3,5.7,9,4,0.99458,3.16,0.54,0.069,9.8,Secondary
0.26,2000,123.2,2.6,77,19,0.9951,3.15,0.79,0.052,10.9,Secondary
0.23,2300,134.3,5.8,94,23,0.99686,3.21,0.58,0.076,9.5,Secondary
0.21,1500,100.1,5.7,9,4,0.99458,3.16,0.54,0.069,9.8,Secondary
0.36,1900,158,3.4,10,5,0.99419,3.27,0.54,0.065,11.2,Secondary
0.39,1800,129,4.2,12,6,0.99516,3.35,0.69,0.068,11.7,Common
0.19,5800,178.2,7.4,76,33,0.99878,3.14,0.55,0.111,9.4,Primary
0.46,2100,144,3.6,44,24,0.99534,3.4,0.85,0.074,11,Secondary
0.46,2100,72,3.6,44,24,0.99534,3.4,0.85,0.074,11,Secondary
0.46,2100,129.6,3.6,44,24,0.99534,3.4,0.85,0.074,11,Secondary
0.55,1700,158.4,7.2,52,24,0.99752,3.35,0.94,0.136,10,Primary
0.46,2100,136.8,3.6,44,24,0.99534,3.4,0.85,0.074,11,Secondary
0.43,2000,93,3.9,24,14,0.99428,3.45,0.87,0.071,11.2,Secondary
0.02,2100,81.6,6.5,15,8,0.99498,3.35,0.62,0.078,10.4,Secondary
0.15,2100,125.4,4.4,53,22,0.9957,3.32,0.62,0.076,9.3,Primary
0.02,2100,68,6.5,15,8,0.99498,3.35,0.62,0.078,10.4,Secondary
0.42,1900,115.2,3.8,13,5,0.99659,3.15,0.75,0.071,10.5,Secondary
0.46,1900,122.4,3.3,9,6,0.99628,3.1,0.48,0.081,10.4,Secondary
0.46,2100,132,2.7,29,20,0.99488,3.26,0.56,0.095,11.3,Secondary
0.31,2000,158,5.7,79,10,0.99677,3.29,0.69,0.079,9.5,Secondary
0.37,1900,98.4,3.4,74,43,0.99408,3.23,0.81,0.057,12,Secondary
0.31,1900,155.8,4,24,8,0.996,3.24,0.69,0.082,10.6,Secondary
0.4,1300,153,3.9,50,25,0.99478,3.2,0.83,0.044,10.9,Secondary
0.52,1800,174.4,3.2,44,17,0.99734,3.28,0.77,0.132,11.5,Secondary
0.52,1800,196.2,3.2,44,17,0.99734,3.28,0.77,0.132,11.5,Secondary
0.22,2200,113.4,5.3,89,33,0.99678,3.26,0.46,0.078,9.6,Secondary
0.47,2200,105,3.6,23,9,0.99638,3.23,0.76,0.074,12,Secondary
0.49,2500,252,3.9,20,8,0.9992,3.07,0.82,0.08,10.3,Secondary
0.23,2600,101.2,4.6,77,18,0.99922,3.15,0.51,0.091,9.4,Primary
0.03,4100,90,5.8,46,27,0.99592,3.02,0.47,0.08,9.2,Primary
0.25,2000,126,5.8,21,8,0.99769,3.27,0.72,0.104,9.6,Primary
0,1800,96.9,4.2,88,18,0.99157,3.68,0.73,0.044,13.6,Secondary
0.29,2100,106.4,4.3,66,19,0.99718,3.4,0.64,0.075,9.5,Primary
0.34,2700,77,1.8,58,15,0.9947,3.37,0.78,0.066,11.8,Secondary
0.01,2600,124.8,8.15,90,48,0.99621,3.38,0.62,0.074,10.8,Primary
0.29,2100,83.6,4.3,66,19,0.99718,3.4,0.64,0.075,9.5,Primary
0.37,2200,102,2.3,36,14,0.99614,3.23,0.49,0.057,9.3,Primary
0.01,2200,142,7.5,18,11,0.99242,3.39,0.4,0.059,12.8,Secondary
0.32,12900,96,3.3,113,6,0.99572,3.3,0.56,0.054,11.5,Primary
0,1700,109.2,5.5,17,7,0.99659,3.26,0.64,0.07,9.4,Secondary
0.01,2200,142,7.5,18,11,0.99242,3.39,0.4,0.059,12.8,Secondary
0,2500,162,7.3,24,12,0.99798,3.38,0.46,0.081,9.6,Primary
0,4300,91,6.7,20,11,0.99488,3.45,0.56,0.057,11.8,Primary
0.2,1700,142.5,6.1,60,36,0.99494,3.1,0.4,0.076,9.3,Primary
0.39,2500,196,3.7,65,28,0.99729,3.16,0.59,0.079,9.8,Primary
0.41,2000,90,4,40,15,0.99414,3.22,0.6,0.058,12.2,Secondary
0.22,2400,99.6,5.6,86,10,0.9983,3.37,0.62,0.082,9.5,Primary
0.25,13400,88.5,2.9,160,72,0.99721,3.33,0.54,0.067,10.3,Secondary
0.19,1800,140.6,5.5,34,15,0.99655,3.49,0.68,0.082,10.5,Primary
0.07,1700,88.8,7.4,48,15,0.99502,3.12,0.48,0.086,10,Primary
0.19,1800,103.6,5.5,34,15,0.99655,3.49,0.68,0.082,10.5,Primary
0.33,2200,131.1,4.1,36,22,0.9949,3.41,0.75,0.081,11.1,Secondary
0.01,2300,113.6,6,37,24,0.99514,3.4,0.61,0.079,10.9,Secondary
0.01,2300,85.2,6,37,24,0.99514,3.4,0.61,0.079,10.9,Secondary
0.14,2200,112.5,5.8,60,27,0.9963,3.28,0.59,0.077,9.8,Primary
0,1800,134.9,7.2,14,6,0.99627,3.45,0.58,0.123,9.8,Primary
0,1400,94.8,6.6,13,6,0.99569,3.43,0.58,0.096,9.5,Primary
0.06,1900,140.4,7,35,20,0.99628,3.4,0.69,0.079,10.9,Primary
0.02,2400,91.5,6.4,46,26,0.99358,3.47,0.45,0.069,11,Primary
0.22,1800,97.5,5.9,60,43,0.99499,3.1,0.42,0.082,9.2,Primary
0.28,4800,105,5.8,69,12,0.99633,3.32,0.7,0.085,11,Secondary
0,2700,68,6.4,33,15,0.99538,3.44,0.63,0.123,11.3,Secondary
0,2700,122.4,6.4,33,15,0.99538,3.44,0.63,0.123,11.3,Secondary
0.68,1800,94.6,6.35,56,19,0.99632,3.02,1.15,0.403,9.3,Primary
0,2000,81.9,10.2,24,17,0.99437,3.59,0.55,0.083,11.2,Primary
0.38,2500,117.6,4.5,66,34,0.99726,3.15,0.58,0.081,9.8,Primary
0,2200,131.2,7.8,26,13,0.9978,3.37,0.46,0.089,9.6,Primary
0.32,1800,144.5,3.7,51,26,0.99456,3.38,0.72,0.066,11.8,Secondary
0.05,2300,129.6,5.7,36,16,0.99564,3.38,0.6,0.081,10.3,Secondary
0.05,2300,93.6,5.7,36,16,0.99564,3.38,0.6,0.081,10.3,Secondary
0.5,2300,135.2,4.3,19,13,0.996,3.1,0.87,0.068,11.4,Secondary
0.31,2000,138,4.1,51,21,0.99668,3.47,0.55,0.079,9.5,Secondary
0.03,1800,60.5,4.9,87,28,0.9908,3.5,0.82,0.044,14,Common
0.01,1600,90,3.8,60,26,0.99084,3.7,0.75,0.048,14,Secondary
0.2,1600,73,4.4,64,24,0.9935,3.38,0.57,0.049,11.7,Secondary
0,1900,112.1,4.6,44,25,0.99385,3.5,0.53,0.077,11.2,Primary
0.2,2000,120,5.8,44,34,0.99494,3.1,0.43,0.073,9.3,Primary
0.13,2100,93.6,5.8,36,17,0.9944,3.24,0.53,0.102,11.2,Secondary
0.22,2300,152,7.15,81,13,0.99688,3.24,0.54,0.075,9.5,Secondary
0.4,6300,102,4,10,3,0.99566,3.28,0.56,0.05,12,Primary
0,1900,84,6.9,10,3,0.99636,3.35,0.6,0.114,9.7,Secondary
0.22,2300,128,7.15,81,13,0.99688,3.24,0.54,0.075,9.5,Secondary
0.39,1700,166.6,3,9,3,0.9948,3.14,0.57,0.062,11.5,Secondary
0.2,1900,78.1,4.6,54,28,0.9956,3.37,0.64,0.077,10.4,Secondary
0.2,1900,71,4.6,54,28,0.9956,3.37,0.64,0.077,10.4,Secondary
0,2000,126.4,7.65,22,9,0.99619,3.33,0.68,0.084,10.9,Secondary
0.28,2700,87,6.3,69,17,0.99734,3.26,0.63,0.096,10.2,Secondary
0.19,2300,105,4.2,36,18,0.99476,3.39,0.56,0.071,10.9,Primary
0.5,1800,169.5,3.7,47,20,0.99734,3.15,0.57,0.09,10.5,Primary
0.44,2500,78.1,1.6,31,17,0.99328,3.35,0.54,0.068,12.4,Secondary
0.08,2600,144,6,7,3,0.99286,3.22,0.37,0.056,13,Primary
0.3,4500,133,6,110,20,0.99914,3.3,1.17,0.068,10.2,Primary
0.3,4500,112,6,110,20,0.99914,3.3,1.17,0.068,10.2,Primary
0,1900,106.4,7.4,12,6,0.99521,3.36,0.59,0.1,11,Primary
0.1,2100,98.4,6.35,60,25,0.99638,3.29,0.75,0.073,10.9,Secondary
0.13,2400,118,3.95,28,14,0.99362,3.62,0.67,0.056,12.4,Secondary
0,1900,97.5,7.55,12,6,0.99672,3.34,0.49,0.084,9.7,Primary
0.1,2100,139.4,6.35,60,25,0.99638,3.29,0.75,0.073,10.9,Secondary
0,4300,99,6.3,77.5,51,0.99558,3.2,0.45,0.093,9.5,Primary
0,4300,132,6.3,77.5,51,0.99558,3.2,0.45,0.093,9.5,Primary
0.14,2100,136.8,5.3,29,15,0.99323,3.35,0.61,0.064,12.1,Secondary
0,1400,57,6,18,11,0.99191,3.45,0.56,0.063,12.2,Secondary
0,2100,91.2,15.8,9,5,0.99476,3.5,0.4,0.137,10.9,Common
0,2150,57.2,6.45,28,15,0.99444,3.78,0.61,0.08,12.5,Secondary
0.07,2000,80.4,8.6,57,20,0.99598,3.6,0.74,0.1,11.7,Secondary
0.32,2100,163.8,3.7,15,4,0.99576,3.3,0.8,0.064,11.2,Secondary
0.44,1800,96,2.8,68,28,0.99501,3.36,0.66,0.081,11.2,Primary
0.21,2300,98.8,7.9,68,21,0.9955,3.12,0.44,0.087,9.2,Primary
0.26,1900,142.5,6.1,88,24,0.99612,3.3,0.53,0.073,9.8,Primary
0.32,2500,97,6.9,91,22,0.9979,3.29,0.62,0.088,10.1,Primary
0.09,3900,129.2,6.8,29,15,0.99524,3.41,0.52,0.068,11.1,Primary
0.32,2500,106.7,6.9,91,22,0.9979,3.29,0.62,0.088,10.1,Primary
0.1,1400,98,6.2,63,27,0.996,3.28,0.61,0.071,9.2,Primary
0.26,1900,150,6.1,88,24,0.99612,3.3,0.53,0.073,9.8,Primary
0.15,3000,110.5,5.1,27,12,0.9929,3.33,0.59,0.064,12.8,Secondary
0.21,1900,144,11.8,41,14,0.99532,3.34,0.47,0.083,10.5,Primary
0.21,2300,119,3.6,65,20,0.99558,3.4,0.54,0.086,10.1,Secondary
0.21,2400,119,3.6,69,24,0.99556,3.4,0.53,0.086,10.1,Secondary
0.27,2000,105,6.3,91,17,0.99616,3.26,0.58,0.083,9.8,Secondary
0,1200,97.2,7.4,46,16,0.99258,4.01,0.59,0.041,12.5,Secondary
0.46,2200,128.7,4.4,41,10,0.99638,3.18,0.69,0.091,11.9,Secondary
0.27,2000,142.5,6.3,91,17,0.99616,3.26,0.58,0.083,9.8,Secondary
0.68,1700,91,7.6,64,18,0.99652,2.9,1.33,0.414,9.1,Secondary
0.34,2600,106.7,6.6,88,12,0.99796,3.26,0.66,0.094,10.1,Primary
0,1200,80,7.4,46,16,0.99258,4.01,0.59,0.041,12.5,Secondary
0.42,1800,118.3,3.4,18,9,0.99392,3.18,0.55,0.058,11.4,Primary
0.39,1800,182,3.6,55,21,0.99495,3.18,0.82,0.06,11,Secondary
0.24,1700,127.3,4.6,34,18,0.9948,3.39,0.6,0.077,10.6,Secondary
0.24,1700,87.1,4.6,34,18,0.9948,3.39,0.6,0.077,10.6,Secondary
0.24,1700,67,4.6,34,18,0.9948,3.39,0.6,0.077,10.6,Secondary
0.24,1700,67,4.6,34,18,0.9948,3.39,0.6,0.077,10.6,Secondary
0.11,1800,130,5.2,38,13,0.9955,3.34,0.52,0.073,9.3,Primary
0.26,2100,140.6,6,91,17,0.99616,3.29,0.56,0.083,9.8,Secondary
0.26,2100,133.2,6,91,17,0.99616,3.29,0.56,0.083,9.8,Secondary
0.26,3800,93.6,8.7,67,31,0.99668,3.26,0.46,0.107,9.2,Primary
0.1,1700,168,3.9,25,6,0.99581,3.09,0.43,0.075,9.7,Secondary
0.22,2200,91,7.75,48,12,0.9976,3.18,0.51,0.079,9.6,Primary
0,2000,93.6,8.35,11,4,0.99608,3.39,0.52,0.166,10,Primary
0.02,2400,132,5.8,40,19,0.99387,3.38,0.66,0.069,12.6,Secondary
0,1400,108,5,26,15,0.99448,3.36,0.45,0.057,9.5,Primary
0,1400,66,5,26,15,0.99448,3.36,0.45,0.057,9.5,Primary
0,1400,102,5,26,15,0.99448,3.36,0.45,0.057,9.5,Primary
0.02,1700,97.5,5.1,31,13,0.99538,3.36,0.54,0.084,10.5,Secondary
0.02,1700,135,5.1,31,13,0.99538,3.36,0.54,0.084,10.5,Secondary
0.02,1700,112.5,5.1,31,13,0.99538,3.36,0.54,0.084,10.5,Secondary
0.02,1700,121.6,5.4,31,17,0.99589,3.37,0.51,0.085,10.4,Secondary
0.02,1700,142.5,5.1,31,13,0.99538,3.36,0.54,0.084,10.5,Secondary
0.48,2600,126.5,4.2,20,8,0.99852,3.09,0.53,0.077,11,Primary
0.24,2300,123,4.4,28,10,0.99613,3.25,0.53,0.063,10.2,Secondary
0.01,2100,67.1,5.9,13,5,0.99472,3.52,0.56,0.056,11.4,Primary
0.03,1800,72,6.55,12,7,0.99587,3.34,0.39,0.078,9.5,Primary
0.03,1800,79.2,6.55,12,7,0.99587,3.34,0.39,0.078,9.5,Primary
0,2800,110.4,5.7,41,21,0.99518,3.41,0.52,0.081,10.8,Primary
0.29,2000,99,6,73,32,0.99654,3.34,0.57,0.069,10,Primary
0.01,2300,108,6.2,46,8,0.99332,3.32,0.51,0.065,11.8,Secondary
0.03,1900,98.8,6.45,57,14,0.9969,3.37,0.46,0.086,10.3,Primary
0.03,1900,76,6.45,57,14,0.9969,3.37,0.46,0.086,10.3,Primary
0.03,2300,144,5.8,28,7,0.99568,3.35,0.52,0.077,10,Primary
0.25,1800,61,3.2,32,5,0.99464,3.36,0.44,0.086,10.1,Primary
0.25,1800,109.8,3.4,28,4,0.99464,3.36,0.44,0.084,10.1,Primary
0.24,2500,73,4.3,67,27,0.99648,3.6,0.59,0.078,11.1,Secondary
0.17,5400,103.6,6.4,98,52,0.99736,3.28,0.5,0.168,9.5,Primary
0.4,1400,162.4,4.75,28,6,0.99704,3.07,0.65,0.091,10.03333333,Secondary
0.31,2300,101.2,5.4,38,11,0.99699,3.24,0.56,0.112,10.9,Primary
0.14,2500,141.1,8.5,54,13,0.99724,3.36,0.54,0.093,10.1,Primary
0.4,1400,139.2,4.75,28,6,0.99704,3.07,0.65,0.091,10.03333333,Secondary
0.27,2000,112,8.3,63,11,0.99652,3.29,0.48,0.08,9.8,Primary
0.02,1900,108,6.05,31,10,0.995,3.46,0.53,0.096,11.8,Secondary
0.09,2200,140.4,5,42,10,0.9971,3.18,0.62,0.115,9.5,Primary
0.08,1700,87.6,7.4,45,10,0.99576,3.24,0.5,0.094,9.8,Primary
0.3,2200,110.4,5.4,105,9,0.99725,3.25,1.18,0.088,10.5,Secondary
0.32,2100,80,7.7,74,16,0.99656,3.27,0.5,0.079,9.8,Secondary
0,1600,99,6.1,8,4,0.99396,3.33,0.37,0.069,10.4,Primary
0.51,1700,156.6,7.8,66,12,0.99623,3,1.17,0.415,9.2,Primary
0.56,3100,75,5.8,14,5,0.99476,3.21,1.03,0.153,11.6,Secondary
0.51,1700,104.4,7.8,66,12,0.99623,3,1.17,0.415,9.2,Primary
0.27,3800,138.6,7.5,89,34,0.99664,3.24,0.45,0.11,9.3,Primary
0,1200,102,8.15,29,16,0.99471,3.32,0.51,0.267,9.8,Common
0.26,2000,122.4,5.6,100,13,0.99586,3.26,0.52,0.083,9.9,Primary
0.2,1400,147.6,8.85,31,7,0.9946,3.11,0.46,0.086,10,Primary
0.26,2300,98.8,4.9,74,23,0.9953,3.71,0.62,0.09,12.2,Secondary
0.15,2000,79.2,4.5,28,10,0.99609,3.29,0.51,0.078,9.9,Secondary
0.02,2600,120,5.7,35,11,0.99557,3.36,0.62,0.077,10.8,Secondary
0.02,2600,75,5.7,35,11,0.99557,3.36,0.62,0.077,10.8,Secondary
0.09,1800,102,8.3,25,4,0.99534,3.38,0.45,0.074,9.6,Primary
0.22,2100,112,6,105,25,0.99613,3.3,0.49,0.08,9.9,Primary
0.22,2100,128,6,105,25,0.99613,3.3,0.49,0.08,9.9,Primary
0.15,1800,99.4,7.55,84,20,0.99593,3.19,0.5,0.107,9.5,Primary
0.25,3400,120,8.1,85,34,0.99668,3.19,0.42,0.076,9.2,Primary
0.07,1800,133.2,6.4,23,8,0.9961,3.3,0.58,0.1,9.6,Primary
0.07,1800,125.8,6.4,23,8,0.9961,3.3,0.58,0.1,9.6,Primary
0.31,6100,66,6.4,49,7,0.99718,3.35,0.68,0.083,10.3,Primary
0.02,2200,93.8,4.8,111,36,0.99524,3.1,0.53,0.08,9.7,Primary
0,2300,120,4.9,33,15,0.99292,3.58,0.59,0.068,12.5,Secondary
0.22,2400,144,6.4,33,5,0.99612,3.37,0.58,0.094,11,Primary
0.06,1300,106.5,6.2,12,5,0.9942,3.17,0.48,0.07,9.8,Primary
0.25,2000,128,5.2,59,19,0.99612,3.3,0.48,0.078,10.2,Primary
0.14,3900,83.2,5.7,73,27,0.99669,3.32,0.48,0.07,9.2,Primary
0.1,1600,172,6.85,12,3,0.99745,3.31,0.65,0.092,9.55,Secondary
0.1,1600,121.8,6.75,11,4,0.99745,3.31,0.65,0.09,9.55,Primary
0.26,2000,116.8,5.9,104,17,0.99584,3.28,0.52,0.08,9.9,Primary
0.12,2200,112,6,28,13,0.9966,3.52,0.62,0.083,10.2,Secondary
0,2200,86.4,6.7,24,10,0.9956,3.42,0.72,0.068,11.1,Secondary
0.21,2100,142.2,6.9,141,33,0.9962,3.25,0.51,0.08,9.9,Primary
0.21,2100,86.9,6.9,141,33,0.9962,3.25,0.51,0.08,9.9,Primary
0.42,2000,152,3,24,6,0.9963,3.44,0.82,0.052,11.9,Secondary
0.33,1700,100.8,3.3,13,3,0.996,3.23,1.1,0.061,10,Common
0.39,2600,144,5,46,12,0.9985,3.43,0.62,0.082,10.7,Secondary
0.3,2000,92.4,2.8,34,18,0.9952,3.28,0.9,0.062,11.3,Secondary
0.34,5100,90.2,2.4,22,8,0.9974,3.22,0.94,0.062,10.9,Secondary
0,2100,114,5.1,54,40,0.995,3.54,0.93,0.064,10.7,Secondary
0.36,2200,153.9,2.9,53,35,0.995,3.27,1.01,0.048,12.4,Secondary
0,2100,102,5.1,54,40,0.995,3.54,0.93,0.064,10.7,Secondary
0,1800,72.6,9.6,16,5,0.9936,3.5,0.44,0.082,11.9,Secondary
0.4,2400,121.6,4.7,19,8,0.9963,3.56,0.73,0.071,10.6,Secondary
0.34,5100,164,2.4,22,8,0.9974,3.22,0.94,0.062,10.9,Secondary
0.25,2000,108.9,5.7,89,12,0.9963,3.04,0.9,0.104,10.1,Primary
0.59,2200,140,3.2,15,3,0.9994,3.2,0.78,0.077,9.6,Primary
0,1600,124,5.8,18,8,0.9966,3.56,0.84,0.065,9.4,Primary
0.59,2200,120,3.2,15,3,0.9994,3.2,0.78,0.077,9.6,Primary
0.33,2500,109.5,3.4,37,21,0.9952,3.35,0.77,0.064,12.1,Secondary
0.01,1600,140.4,5.3,19,3,0.995,3.16,0.46,0.077,9.8,Primary
0.21,2200,77,6.4,133,32,0.9956,3.27,0.45,0.077,9.9,Primary
0.01,1600,124.8,5.3,19,3,0.995,3.16,0.46,0.077,9.8,Primary
0.18,1600,135,4,58,24,0.9965,3.34,0.58,0.079,9.4,Primary
0,2100,140,5.4,55,39,0.9956,3.39,0.84,0.079,11.4,Secondary
0.09,3900,102.4,5.3,31,14,0.9968,3.5,0.67,0.123,11,Primary
0.37,1400,149.4,2.6,23,8,0.9974,3.26,0.7,0.076,9.6,Secondary
0.37,1400,91.3,2.6,23,8,0.9974,3.26,0.7,0.076,9.6,Secondary
0.37,1800,123.2,2.3,60,23,0.9971,3.41,0.71,0.046,12.1,Secondary
0.33,2500,129.2,4.1,23,6,0.9957,3.3,0.58,0.078,11.2,Primary
0,1900,140.4,6.4,55,27,0.9962,3.31,0.63,0.072,11,Primary
0.4,2200,142.2,1.8,67,38,0.996,3.33,0.93,0.049,11.3,Primary
0.24,1800,118.4,4.1,47,18,0.9956,3.37,0.62,0.066,10.4,Primary
0.31,2100,106.4,4.3,74,13,0.9958,3.26,0.54,0.069,9.9,Secondary
0,1600,64.9,4.4,11,3,0.9944,3.48,0.85,0.042,11.7,Secondary
0.16,1800,73.2,4,25,11,0.9955,3.42,0.74,0.069,10.1,Secondary
0.37,15400,132.6,5.4,95,55,1.00369,3.18,0.77,0.214,9,Secondary
0.37,15400,132.6,5.4,95,55,1.00369,3.18,0.77,0.214,9,Secondary
0.38,1600,140,3.8,90,27,0.99914,3.15,0.65,0.169,8.5,Primary
0.29,4800,108.8,9.15,39,15,0.99577,3.53,0.54,0.07,11.1,Primary
0,1700,133,5.9,8,3,0.996,3.41,0.47,0.052,10.3,Primary
0.02,2200,124.1,6.7,92,31,0.99566,3.32,0.68,0.072,11.06666667,Secondary
0.32,2000,86.4,3.7,28,15,0.9947,3.23,0.73,0.062,11.3,Secondary
0.19,5200,96.2,7.85,98,19,0.99713,3.16,0.52,0.094,9.566666667,Secondary
0.02,1900,82.8,6.3,30,18,0.99712,3.4,0.75,0.078,9.8,Primary
0.2,1750,131.1,5.8,22,8,0.99322,3.38,0.49,0.058,11.7,Primary
0.02,2200,102.2,6.7,92,31,0.99566,3.32,0.68,0.072,11.1,Secondary
0.19,5200,88.8,7.85,98,19,0.99713,3.16,0.52,0.094,9.6,Secondary
0.02,1900,89.7,6.3,30,18,0.99712,3.4,0.75,0.078,9.8,Primary
0,1900,68,6.7,39,22,0.99701,3.4,0.74,0.08,9.7,Primary
0.01,1900,124.2,5.8,54,40,0.99683,3.4,0.73,0.08,9.7,Primary
0.31,2000,86.4,3.8,29,15,0.99472,3.23,0.76,0.056,11.3,Common
0.32,2000,100.8,3.7,28,15,0.9947,3.23,0.73,0.062,11.3,Secondary
0.44,2700,117,3.2,17,8,0.99732,3.33,0.78,0.104,11,Secondary
0.02,2000,112.2,5.8,53,37,0.99374,3.35,0.76,0.062,11.6,Secondary
0.33,1900,144.4,4.9,85,27,0.99706,3.41,0.58,0.074,9,Primary
0.63,2200,128.7,4.5,23,7,0.99974,3.21,0.69,0.073,10.9,Secondary
0,1600,84.5,9,17,9,0.99467,3.5,0.63,0.052,10.9,Secondary
0.06,1800,114,5.4,89,38,0.99236,3.3,0.5,0.05,10.55,Secondary
0.33,1900,129.2,4.9,85,27,0.99706,3.41,0.58,0.074,9,Primary
0.4,1700,142.8,2.9,20,8,0.99603,3.39,0.6,0.067,10.5,Primary
0.35,1700,134.3,2,15,7,0.99458,3.32,0.8,0.054,11.9,Secondary
0.09,2300,128,4.2,64,34,0.99724,3.41,0.68,0.054,10.4,Secondary
0,2100,111.6,7.85,13,6,0.99664,3.59,0.61,0.06,10,Primary
0.03,2300,122.4,6.4,31,14,0.99545,3.36,0.58,0.075,10.4,Secondary
0.01,2400,96.6,6.3,39,14,0.99522,3.34,0.53,0.076,10.8,Secondary
0.1,1700,88.4,5.9,53,34,0.9958,3.41,0.67,0.063,9.7,Primary
0.1,1700,88.4,5.9,53,34,0.9958,3.41,0.67,0.063,9.7,Primary
0.32,2100,109.5,4.8,54,31,0.99728,3.3,0.65,0.062,10,Secondary
0.08,2300,67,10.4,32,19,0.99648,3.52,0.57,0.067,11,Primary
0.32,2100,102.2,4.8,54,31,0.99728,3.3,0.65,0.062,10,Secondary
0.05,2100,146,9.8,49,20,0.99705,3.31,0.55,0.061,9.7,Common
0.11,1400,130,6.9,24,8,0.99578,2.88,0.47,0.084,9.7,Primary
0.08,3750,93.8,7,16,8,0.99334,3.43,0.52,0.067,12.6,Primary
0.6,2600,144.4,3.5,44,23,0.99656,3.38,0.79,0.073,11.1,Secondary
0.08,1800,109.8,6,45,14,0.99336,3.38,0.54,0.071,11,Primary
0.5,13800,128.7,5,82,48,1.00242,3.16,0.75,0.205,8.8,Primary
0.11,2200,90.1,4.7,89,16,0.99182,3.54,0.88,0.048,13.56666667,Secondary
0.5,13800,138.6,5,82,48,1.00242,3.16,0.75,0.205,8.8,Primary
0.11,2200,58.3,4.7,89,16,0.99182,3.54,0.88,0.048,13.6,Secondary
0.05,5700,134.9,8.75,14,3,0.99808,3.4,0.52,0.082,10.2,Common
0.6,3000,164,2.8,22,10,0.99828,3.39,0.68,0.104,10.6,Primary
0.03,1500,106.4,6.2,13,6,0.99498,3.66,0.62,0.08,10.1,Primary
0.6,3000,123,2.8,22,10,0.99828,3.39,0.68,0.104,10.6,Primary
0.54,2100,122.4,5.8,9,3,0.99719,3.33,0.57,0.114,10.3,Primary
0.44,1500,121.5,3.3,12,6,0.99542,3.35,0.61,0.042,10.7,Primary
0.06,2000,68,9.1,11,4,0.99592,3.53,0.64,0.06,10.9,Primary
0.16,2100,112,6.55,25,8,0.99606,3.37,0.55,0.074,9.7,Primary
0.21,2100,122.4,6.8,23,9,0.99546,3.38,0.6,0.07,10.3,Primary
0.05,1900,108,6.4,17,9,0.99496,3.52,0.78,0.066,10.6,Primary
0.04,1700,112,5.4,13,5,0.9942,3.72,0.58,0.049,11.4,Primary
0.1,2100,86.8,5.7,11,4,0.99448,3.44,0.76,0.048,10.8,Secondary
0.49,1800,92.3,2.2,18,8,0.99344,3.39,0.56,0.039,12.4,Secondary
0.04,1700,67.2,5.4,13,5,0.9942,3.72,0.58,0.049,11.4,Primary
0.06,1600,62,6.5,18,6,0.99348,3.57,0.54,0.05,11.95,Primary
0.26,1900,123.2,5.4,147,23,0.99636,3.26,0.59,0.089,9.7,Primary
0.09,1400,128,3.1,28,15,0.99459,3.42,0.7,0.066,10,Secondary
0.02,1900,119,4.3,28,15,0.99492,3.35,0.81,0.08,10.6,Secondary
0.26,1900,100.1,5.4,147,23,0.99636,3.26,0.59,0.089,9.7,Primary
0.03,2300,69,7.4,16,7,0.99508,3.45,0.63,0.054,11.5,Secondary
0.04,2300,132,8.95,13,7,0.99582,3.53,0.58,0.068,10.8,Secondary
0.03,2300,138,7.4,16,7,0.99508,3.45,0.63,0.054,11.5,Secondary
0.04,1500,75,7.25,15,8,0.99508,3.26,0.53,0.076,9.6,Primary
0.29,4300,140.4,8.2,64,21,0.99642,3.16,0.53,0.083,9.4,Primary
0.18,2400,124.1,5.85,60,15,0.99638,3.31,0.54,0.078,9.8,Primary
0.39,2500,80.6,4.4,14,6,0.99555,3.51,0.69,0.077,11,Secondary
0.57,2300,142.5,3.8,12,5,0.99605,3.36,0.55,0.106,11.4,Secondary
0.02,1800,113.9,7.6,12,6,0.996,3.55,0.63,0.078,9.95,Common
0.05,2000,88.4,8.1,14,6,0.99562,3.51,0.66,0.07,10.8,Secondary
0.57,2300,97.5,3.8,12,5,0.99605,3.36,0.55,0.106,11.4,Secondary
0.6,2100,85.2,2.7,25,17,0.99814,3.38,0.72,0.074,10.6,Secondary
0.4,1800,86.9,1.8,20,7,0.9941,3.28,0.7,0.062,11.1,Primary
0.21,2200,96,3.6,48,26,0.99661,3.47,0.77,0.047,9.7,Secondary
0.04,2100,127.8,6.9,27,19,0.99712,3.44,0.67,0.068,9.8,Primary
0.04,2200,70.4,7.9,17,11,0.99588,3.53,0.65,0.061,10.4,Secondary
0.15,1800,108.8,5.6,65,17,0.99294,3.33,0.6,0.078,10.5,Secondary
0.21,4100,103.5,8.4,65,16,0.99842,3.53,0.72,0.074,9.233333333,Secondary
0.21,4100,124.2,8.4,65,16,0.99842,3.53,0.72,0.074,9.25,Secondary
0.25,2300,97.6,3.2,58,23,0.99633,3.42,0.97,0.071,10.6,Primary
0.06,2000,91,5.3,44,29,0.99489,3.38,0.83,0.063,10.3,Secondary
0.46,2200,140.6,4.7,20,7,0.99647,3.32,0.63,0.114,10.5,Primary
0.08,2600,105.6,7,27,14,0.99665,3.44,0.58,0.106,10.2,Primary
0.06,2000,110.5,5.3,44,29,0.99489,3.38,0.83,0.063,10.3,Secondary
0.2,1900,69,4.8,23,9,0.99585,3.39,0.43,0.082,9.05,Primary
0.25,2300,67.1,3.2,58,23,0.99633,3.42,0.97,0.071,10.6,Primary
0.25,2000,88.4,4.8,61,29,0.9953,3.34,0.6,0.076,10.4,Primary
0.19,2000,96,4.2,47,22,0.99522,3.39,0.78,0.075,10,Secondary
0.08,2100,87.1,4.8,34,18,0.99552,3.33,0.64,0.064,9.7,Primary
0.08,2200,136,4.7,38,18,0.99553,3.3,0.65,0.064,9.6,Secondary
0.07,1700,78.1,5.3,24,15,0.9951,3.29,0.66,0.071,10.8,Secondary
0.49,2200,94.8,2.9,59,21,0.99714,3.31,0.67,0.096,10.1,Secondary
0.08,2100,106.5,6.9,52,42,0.99608,3.42,0.6,0.063,10.2,Secondary
0.09,2200,85.8,4.4,18,9,0.99444,3.42,0.69,0.063,11.3,Secondary
0.1,2800,61,7.05,28,13,0.99631,3.6,0.66,0.081,10.2,Primary
0.13,2000,122.4,5.3,22,18,0.99573,3.21,0.68,0.058,9.9,Secondary
0.3,1900,88,3.9,84,32,0.99717,3.39,0.61,0.074,9,Primary
0.14,2400,132,5.6,29,13,0.99397,3.42,0.62,0.064,11.7,Secondary
0.13,2200,98,5.5,35,15,0.9959,3.36,0.59,0.075,9.7,Secondary
0.08,1900,115.9,5.3,45,24,0.99528,3.6,0.68,0.077,10.3,Secondary
0.08,1900,54,5.8,31,20,0.99484,3.5,0.64,0.059,10.2,Secondary
0.09,2500,111.6,6.4,26,15,0.99538,3.57,0.63,0.081,12,Primary
0.32,1800,115.2,3.9,60,34,0.99714,3.46,0.78,0.065,9.9,Primary
0.08,4400,99.2,5.2,32,11,0.99646,3.56,0.63,0.071,11.6,Secondary
0.29,2200,88.8,2.5,49,19,0.99666,3.4,0.76,0.054,10.9,Secondary
0.02,1900,107.2,8.55,38,29,0.99472,3.3,0.56,0.064,10.75,Secondary
0.42,2200,177.6,4.4,19,14,0.99758,3.25,0.57,0.064,10.4,Secondary
0.43,2300,151.2,3.7,19,12,0.9955,3.17,0.81,0.063,11.2,Secondary
0.33,1800,104,6.3,28,16,0.99531,3.36,0.64,0.059,10.1,Secondary
0.02,2000,105,5.7,26,17,0.99575,3.36,0.61,0.072,10.2,Primary
0.1,1600,94.5,6,26,12,0.99306,3.55,0.51,0.048,12.1,Primary
0.5,2000,224,4,50,19,0.99783,3.1,0.58,0.099,10.4,Primary
0.3,1800,148,3.6,24,17,0.99419,3.24,0.7,0.074,11.4,Common
0,2300,78.1,6.8,26,17,0.99783,3.45,0.53,0.087,9.5,Primary
0,2300,92.3,6.7,27,18,0.99768,3.44,0.54,0.083,9.4,Primary
0.01,3700,69.3,6.8,54,32,0.99586,3.51,0.66,0.103,11.3,Secondary
0,2200,87.6,7.35,28,18,0.99765,3.41,0.6,0.08,9.4,Primary
0.02,2400,112.2,8.55,23,15,0.99627,3.54,0.6,0.062,11,Secondary
0.17,1700,105,5.6,24,15,0.99514,3.44,0.68,0.065,10.55,Secondary
0.04,2200,125.4,8.8,20,12,0.99636,3.53,0.56,0.066,9.9,Primary
0.02,2400,118.8,8.55,23,15,0.99627,3.54,0.6,0.062,11,Secondary
0.33,6700,82.8,6.3,115,66,0.99787,3.22,0.56,0.235,9.5,Primary
0.26,2000,140.4,6,131,31,0.99622,3.21,0.52,0.08,9.9,Primary
0.26,2000,132.6,6,131,31,0.99622,3.21,0.52,0.08,9.9,Primary
0.26,2000,156,6,131,31,0.99622,3.21,0.52,0.08,9.9,Primary
0.13,2000,115.2,6.95,20,12,0.99546,3.29,0.54,0.076,10.1,Primary
0.13,2000,108,6.95,20,12,0.99546,3.29,0.54,0.076,10.1,Primary
0.13,2000,79.2,6.95,20,12,0.99546,3.29,0.54,0.076,10.1,Primary
0.02,1900,120.6,6.7,42,26,0.99489,3.39,0.82,0.061,10.9,Secondary
0.64,2100,93.8,1.6,52,24,0.99494,3.34,0.71,0.059,11.2,Secondary
0.13,2000,79.2,6.95,20,12,0.99546,3.29,0.54,0.076,10.1,Primary
0.13,1600,112,5.6,42,25,0.99629,3.34,0.59,0.077,9.2,Primary
0.14,1900,68.2,5.1,34,15,0.99396,3.48,0.57,0.056,11.5,Secondary
0.53,2200,102.4,3.6,35,19,0.9934,3.37,0.93,0.23,12.4,Secondary
0.14,2200,76.8,3.8,25,15,0.99514,3.44,0.65,0.038,11.1,Secondary
0.32,2200,124.1,6.9,104,35,0.99632,3.33,0.51,0.069,9.5,Primary
0.2,2400,96,5.8,50,15,0.99467,3.58,0.67,0.075,12.5,Secondary
0.78,13900,56,3.1,92,23,0.99677,3.39,0.48,0.074,10.5,Secondary
0.4,2200,150,5.2,20,12,0.99474,3.26,0.64,0.06,11.8,Secondary
0.63,1600,112,3,29,16,0.99588,3.3,0.78,0.081,10.8,Secondary
0.15,5100,86.8,7,27,13,0.99622,3.54,0.6,0.076,11.9,Secondary
0.15,1800,115.6,6.7,20,13,0.9954,3.42,0.67,0.118,11.3,Secondary
0.09,1700,74.4,5.6,32,24,0.99402,3.54,0.6,0.053,11.3,Primary
0.33,2400,111,3.5,26,9,0.9947,3.36,0.6,0.068,11.9,Secondary
0.09,1700,93,5.6,32,24,0.99402,3.54,0.6,0.053,11.3,Primary
0.1,2600,67.1,7.15,27,13,0.99362,3.57,0.5,0.053,11.9,Primary
0.29,2100,74.4,4.6,98,32,0.99578,3.33,0.62,0.074,9.8,Primary
0.44,2400,73.7,3.2,34,24,0.99484,3.29,0.8,0.061,11.6,Secondary
0.44,2600,115.2,3.9,48,22,0.99494,3.3,0.84,0.066,11.5,Secondary
0.41,2400,75,3.1,60,34,0.99492,3.34,0.85,0.065,11.4,Secondary
0.11,1800,81.2,6.1,28,18,0.99483,3.55,0.66,0.066,10.9,Secondary
0.33,2500,122.4,6.6,102,34,0.99414,3.27,0.78,0.068,12.8,Secondary
0.2,7800,132,7.25,79,29,0.9977,3.29,0.54,0.073,9.2,Primary
0.15,1800,94.5,5.5,35,26,0.99314,3.32,0.82,0.077,11.6,Secondary
0.09,1700,91.8,7.4,26,16,0.99402,3.67,0.56,0.089,11.6,Secondary
0.13,2300,94.5,5.1,40,29,0.99574,3.42,0.75,0.076,11,Secondary
0.08,1900,88.4,6.2,38,28,0.99651,3.42,0.82,0.068,9.5,Secondary
0.08,2000,80.6,6,44,32,0.9949,3.45,0.58,0.09,10.5,Primary
0.1,2200,70.8,5.5,51,39,0.99512,3.52,0.76,0.062,11.2,Secondary
0.13,2300,100.8,5.1,40,29,0.99574,3.42,0.75,0.076,11,Secondary
0.12,2000,112.1,6.45,44,32,0.99547,3.57,0.71,0.075,10.2,Primary
0.47,3600,96,3.1,42,18,0.99549,3.39,0.66,0.067,11,Secondary
